param1_alpha1,param2_alpha2,param3_alpha3,custo_total,maior_autovalor_abs
1.0,-1.0,-1.0,16.13769765286406,0.9491860870865353
1.0,-1.0,-0.8,16.137702548345445,0.9491860870865353
1.0,-1.0,-0.6,16.137707386893855,0.9491860870865353
1.0,-1.0,-0.3999999999999999,16.137712168152525,0.9491860870865353
1.0,-1.0,-0.19999999999999996,16.137716891766743,0.9491860870865353
1.0,-1.0,0.0,16.13772155738399,0.9491860870865353
1.0,-1.0,0.20000000000000018,16.137726164653905,0.9491860870865353
1.0,-1.0,0.40000000000000013,16.137730713228244,0.9491860870865353
1.0,-1.0,0.6000000000000001,16.137735202760986,0.9491860870865353
1.0,-1.0,0.8,16.137739632908332,0.9491860870865353
1.0,-1.0,1.0,16.137744003328766,0.9491860870865353
1.0,-0.8,-1.0,16.1381292114882,0.9491860870865353
1.0,-0.8,-0.8,16.138134015808912,0.9491860870865353
1.0,-0.8,-0.6,16.138138762921916,0.9491860870865353
1.0,-0.8,-0.3999999999999999,16.13814345247254,0.9491860870865353
1.0,-0.8,-0.19999999999999996,16.138148084108277,0.9491860870865353
1.0,-0.8,0.0,16.138152657478667,0.9491860870865353
1.0,-0.8,0.20000000000000018,16.138157172235452,0.9491860870865353
1.0,-0.8,0.40000000000000013,16.138161628032552,0.9491860870865353
1.0,-0.8,0.6000000000000001,16.13816602452611,0.9491860870865353
1.0,-0.8,0.8,16.138170361374474,0.9491860870865353
1.0,-0.8,1.0,16.13817463823828,0.9491860870865353
1.0,-0.6,-1.0,16.13856232875846,0.9491860870865353
1.0,-0.6,-0.8,16.13856704169072,0.9491860870865353
1.0,-0.6,-0.6,16.138571697141007,0.9491860870865353
1.0,-0.6,-0.3999999999999999,16.13857629475683,0.9491860870865353
1.0,-0.6,-0.19999999999999996,16.13858083418771,0.9491860870865353
1.0,-0.6,0.0,16.138585315085347,0.9491860870865353
1.0,-0.6,0.20000000000000018,16.138589737103658,0.9491860870865353
1.0,-0.6,0.40000000000000013,16.13859409989867,0.9491860870865353
1.0,-0.6,0.6000000000000001,16.138598403128675,0.9491860870865353
1.0,-0.6,0.8,16.138602646454174,0.9491860870865353
1.0,-0.6,1.0,16.13860682953792,0.9491860870865353
1.0,-0.3999999999999999,-1.0,16.138997002959407,0.9491860870865353
1.0,-0.3999999999999999,-0.8,16.13900162427531,0.9491860870865353
1.0,-0.3999999999999999,-0.6,16.139006187835506,0.9491860870865353
1.0,-0.3999999999999999,-0.3999999999999999,16.139010693289524,0.9491860870865353
1.0,-0.3999999999999999,-0.19999999999999996,16.139015140289114,0.9491860870865353
1.0,-0.3999999999999999,0.0,16.139019528488106,0.9491860870865353
1.0,-0.3999999999999999,0.20000000000000018,16.13902385754241,0.9491860870865353
1.0,-0.3999999999999999,0.40000000000000013,16.139028127110358,0.9491860870865353
1.0,-0.3999999999999999,0.6000000000000001,16.13903233685231,0.9491860870865353
1.0,-0.3999999999999999,0.8,16.139036486430918,0.9491860870865353
1.0,-0.3999999999999999,1.0,16.139040575511086,0.9491860870865353
1.0,-0.19999999999999996,-1.0,16.13943323234319,0.9491860870865353
1.0,-0.19999999999999996,-0.8,16.139437761814733,0.9491860870865353
1.0,-0.19999999999999996,-0.6,16.139442233257277,0.9491860870865353
1.0,-0.19999999999999996,-0.3999999999999999,16.139446646322526,0.9491860870865353
1.0,-0.19999999999999996,-0.19999999999999996,16.1394510006643,0.9491860870865353
1.0,-0.19999999999999996,0.0,16.139455295938514,0.9491860870865353
1.0,-0.19999999999999996,0.20000000000000018,16.139459531803347,0.9491860870865353
1.0,-0.19999999999999996,0.40000000000000013,16.139463707919116,0.9491860870865353
1.0,-0.19999999999999996,0.6000000000000001,16.139467823948408,0.9491860870865353
1.0,-0.19999999999999996,0.8,16.139471879556023,0.9491860870865353
1.0,-0.19999999999999996,1.0,16.139475874409047,0.9491860870865353
0.8,-1.0,-1.0,16.139590481198752,0.9491860870865353
0.8,-1.0,-0.8,16.139595876793127,0.9491860870865353
0.8,-1.0,-0.6,16.139601215265873,0.9491860870865353
0.8,-1.0,-0.3999999999999999,16.13960649625335,0.9491860870865353
0.8,-1.0,-0.19999999999999996,16.139611719394054,0.9491860870865353
0.8,-1.0,0.0,16.13961688432853,0.9491860870865353
0.8,-1.0,0.20000000000000018,16.139621990699506,0.9491860870865353
0.8,-1.0,0.40000000000000013,16.139627038151833,0.9491860870865353
0.8,-1.0,0.6000000000000001,16.139632026332638,0.9491860870865353
0.8,-1.0,0.8,16.139636954891195,0.9491860870865353
0.8,-1.0,1.0,16.139641823478964,0.9491860870865353
1.0,0.0,-1.0,16.139871015129586,0.9491860870865353
1.0,0.0,-0.8,16.139875452528674,0.9491860870865353
1.0,0.0,-0.6,16.13987983162605,0.9491860870865353
1.0,0.0,-0.3999999999999999,16.139884152075364,0.9491860870865353
1.0,0.0,-0.19999999999999996,16.139888413532653,0.9491860870865353
1.0,0.0,0.0,16.139892615656002,0.9491860870865353
1.0,0.0,0.20000000000000018,16.139896758105667,0.9491860870865353
1.0,0.0,0.40000000000000013,16.139900840544136,0.9491860870865353
1.0,0.0,0.6000000000000001,16.139904862636087,0.9491860870865353
1.0,0.0,0.8,16.139908824048575,0.9491860870865353
1.0,0.0,1.0,16.139912724450713,0.9491860870865353
0.8,-0.8,-1.0,16.14002201676007,0.9491860870865353
0.8,-0.8,-0.8,16.140027322094,0.9491860870865353
0.8,-0.8,-0.6,16.140032570031412,0.9491860870865353
0.8,-0.8,-0.3999999999999999,16.140037760210827,0.9491860870865353
0.8,-0.8,-0.19999999999999996,16.14004289227284,0.9491860870865353
0.8,-0.8,0.0,16.14004796586012,0.9491860870865353
0.8,-0.8,0.20000000000000018,16.14005298061756,0.9491860870865353
0.8,-0.8,0.40000000000000013,16.14005793619212,0.9491860870865353
0.8,-0.8,0.6000000000000001,16.14006283223308,0.9491860870865353
0.8,-0.8,0.8,16.140067668391865,0.9491860870865353
0.8,-0.8,1.0,16.140072444322104,0.9491860870865353
1.0,0.20000000000000018,-1.0,16.14031034950591,0.9491860870865353
1.0,0.20000000000000018,-0.8,16.140314694604463,0.9491860870865353
1.0,0.20000000000000018,-0.6,16.14031898112894,0.9491860870865353
1.0,0.20000000000000018,-0.3999999999999999,16.140323208735186,0.9491860870865353
1.0,0.20000000000000018,-0.19999999999999996,16.140327377081352,0.9491860870865353
1.0,0.20000000000000018,0.0,16.140331485827623,0.9491860870865353
1.0,0.20000000000000018,0.20000000000000018,16.140335534636403,0.9491860870865353
1.0,0.20000000000000018,0.40000000000000013,16.140339523172347,0.9491860870865353
1.0,0.20000000000000018,0.6000000000000001,16.140343451102286,0.9491860870865353
1.0,0.20000000000000018,0.8,16.14034731809534,0.9491860870865353
1.0,0.20000000000000018,1.0,16.140351123822892,0.9491860870865353
0.8,-0.6,-1.0,16.14045511056615,0.9491860870865353
0.8,-0.6,-0.8,16.140460325406945,0.9491860870865353
0.8,-0.6,-0.6,16.140465482576904,0.9491860870865353
0.8,-0.6,-0.3999999999999999,16.140470581716553,0.9491860870865353
0.8,-0.6,-0.19999999999999996,16.14047562246868,0.9491860870865353
0.8,-0.6,0.0,16.140480604478068,0.9491860870865353
0.8,-0.6,0.20000000000000018,16.140485527391714,0.9491860870865353
0.8,-0.6,0.40000000000000013,16.14049039085879,0.9491860870865353
0.8,-0.6,0.6000000000000001,16.140495194530654,0.9491860870865353
0.8,-0.6,0.8,16.140499938060877,0.9491860870865353
0.8,-0.6,1.0,16.140504621105286,0.9491860870865353
1.0,0.40000000000000013,-1.0,16.140751233627178,0.9491860870865353
1.0,0.40000000000000013,-0.8,16.140755486196987,0.9491860870865353
1.0,0.40000000000000013,-0.6,16.140759679920855,0.9491860870865353
1.0,0.40000000000000013,-0.3999999999999999,16.140763814456836,0.9491860870865353
1.0,0.40000000000000013,-0.19999999999999996,16.140767889465145,0.9491860870865353
1.0,0.40000000000000013,0.0,16.140771904608076,0.9491860870865353
1.0,0.40000000000000013,0.20000000000000018,16.14077585955025,0.9491860870865353
1.0,0.40000000000000013,0.40000000000000013,16.140779753958384,0.9491860870865353
1.0,0.40000000000000013,0.6000000000000001,16.140783587501506,0.9491860870865353
1.0,0.40000000000000013,0.8,16.140787359850894,0.9491860870865353
1.0,0.40000000000000013,1.0,16.140791070680105,0.9491860870865353
0.8,-0.3999999999999999,-1.0,16.140889760895405,0.9491860870865353
0.8,-0.3999999999999999,-0.8,16.140894885010347,0.9491860870865353
0.8,-0.3999999999999999,-0.6,16.140899951180558,0.9491860870865353
0.8,-0.3999999999999999,-0.3999999999999999,16.140904959048665,0.9491860870865353
0.8,-0.3999999999999999,-0.19999999999999996,16.140909908259598,0.9491860870865353
0.8,-0.3999999999999999,0.0,16.14091479846025,0.9491860870865353
0.8,-0.3999999999999999,0.20000000000000018,16.14091962929979,0.9491860870865353
0.8,-0.3999999999999999,0.40000000000000013,16.14092440042948,0.9491860870865353
0.8,-0.3999999999999999,0.6000000000000001,16.140929111502878,0.9491860870865353
0.8,-0.3999999999999999,0.8,16.140933762175663,0.9491860870865353
0.8,-0.3999999999999999,1.0,16.140938352105863,0.9491860870865353
1.0,0.6000000000000001,-1.0,16.14119366561589,0.9491860870865353
1.0,0.6000000000000001,-0.8,16.14119782542869,0.9491860870865353
1.0,0.6000000000000001,-0.6,16.141201926124292,0.9491860870865353
1.0,0.6000000000000001,-0.3999999999999999,16.14120596736274,0.9491860870865353
1.0,0.6000000000000001,-0.19999999999999996,16.14120994880642,0.9491860870865353
1.0,0.6000000000000001,0.0,16.1412138701198,0.9491860870865353
1.0,0.6000000000000001,0.20000000000000018,16.141217730969533,0.9491860870865353
1.0,0.6000000000000001,0.40000000000000013,16.141221531024605,0.9491860870865353
1.0,0.6000000000000001,0.6000000000000001,16.141225269956163,0.9491860870865353
1.0,0.6000000000000001,0.8,16.141228947437565,0.9491860870865353
1.0,0.6000000000000001,1.0,16.1412325631446,0.9491860870865353
0.8,-0.19999999999999996,-1.0,16.141325965993865,0.9491860870865353
0.8,-0.19999999999999996,-0.8,16.141330999150107,0.9491860870865353
0.8,-0.19999999999999996,-0.6,16.14133597408816,0.9491860870865353
0.8,-0.19999999999999996,-0.3999999999999999,16.14134089045287,0.9491860870865353
0.8,-0.19999999999999996,-0.19999999999999996,16.141345747891183,0.9491860870865353
0.8,-0.19999999999999996,0.0,16.141350546052205,0.9491860870865353
0.8,-0.19999999999999996,0.20000000000000018,16.141355284587227,0.9491860870865353
0.8,-0.19999999999999996,0.40000000000000013,16.141359963149622,0.9491860870865353
0.8,-0.19999999999999996,0.6000000000000001,16.141364581395084,0.9491860870865353
0.8,-0.19999999999999996,0.8,16.141369138981478,0.9491860870865353
0.8,-0.19999999999999996,1.0,16.14137363556898,0.9491860870865353
0.6000000000000001,-1.0,-1.0,16.141495771686227,0.9491860870865353
0.6000000000000001,-1.0,-0.8,16.14150167324738,0.9491860870865353
0.6000000000000001,-1.0,-0.6,16.141507517525287,0.9491860870865353
0.6000000000000001,-1.0,-0.3999999999999999,16.141513304149484,0.9491860870865353
0.6000000000000001,-1.0,-0.19999999999999996,16.14151903275152,0.9491860870865353
0.6000000000000001,-1.0,0.0,16.141524702965143,0.9491860870865353
0.6000000000000001,-1.0,0.20000000000000018,16.14153031442619,0.9491860870865353
0.6000000000000001,-1.0,0.40000000000000013,16.14153586677261,0.9491860870865353
0.6000000000000001,-1.0,0.6000000000000001,16.141541359644613,0.9491860870865353
0.6000000000000001,-1.0,0.8,16.141546792684505,0.9491860870865353
0.6000000000000001,-1.0,1.0,16.141552165536833,0.9491860870865353
1.0,0.8,-1.0,16.141637643562184,0.9491860870865353
1.0,0.8,-0.8,16.141641710389823,0.9491860870865353
1.0,0.8,-0.6,16.14164571782935,0.9491860870865353
1.0,0.8,-0.3999999999999999,16.14164966554303,0.9491860870865353
1.0,0.8,-0.19999999999999996,16.141653553195336,0.9491860870865353
1.0,0.8,0.0,16.14165738045282,0.9491860870865353
1.0,0.8,0.20000000000000018,16.1416611469844,0.9491860870865353
1.0,0.8,0.40000000000000013,16.141664852461105,0.9491860870865353
1.0,0.8,0.6000000000000001,16.14166849655621,0.9491860870865353
1.0,0.8,0.8,16.141672078945366,0.9491860870865353
1.0,0.8,1.0,16.141675599306392,0.9491860870865353
0.8,0.0,-1.0,16.141763724075044,0.9491860870865353
0.8,0.0,-0.8,16.141768666039685,0.9491860870865353
0.8,0.0,-0.6,16.14177354951317,0.9491860870865353
0.8,0.0,-0.3999999999999999,16.14177837414253,0.9491860870865353
0.8,0.0,-0.19999999999999996,16.14178313957681,0.9491860870865353
0.8,0.0,0.0,16.14178784546724,0.9491860870865353
0.8,0.0,0.20000000000000018,16.141792491467186,0.9491860870865353
0.8,0.0,0.40000000000000013,16.141797077232283,0.9491860870865353
0.8,0.0,0.6000000000000001,16.141801602420276,0.9491860870865353
0.8,0.0,0.8,16.14180606669131,0.9491860870865353
0.8,0.0,1.0,16.14181046970755,0.9491860870865353
0.6000000000000001,-0.8,-1.0,16.14192728063612,0.9491860870865353
0.6000000000000001,-0.8,-0.8,16.141933092830595,0.9491860870865353
0.6000000000000001,-0.8,-0.6,16.141938847466793,0.9491860870865353
0.6000000000000001,-0.8,-0.3999999999999999,16.141944544176408,0.9491860870865353
0.6000000000000001,-0.8,-0.19999999999999996,16.141950182593124,0.9491860870865353
0.6000000000000001,-0.8,0.0,16.141955762352808,0.9491860870865353
0.6000000000000001,-0.8,0.20000000000000018,16.14196128309337,0.9491860870865353
0.6000000000000001,-0.8,0.40000000000000013,16.141966744454987,0.9491860870865353
0.6000000000000001,-0.8,0.6000000000000001,16.14197214607996,0.9491860870865353
0.6000000000000001,-0.8,0.8,16.141977487612753,0.9491860870865353
0.6000000000000001,-0.8,1.0,16.14198276870013,0.9491860870865353
1.0,1.0,-1.0,16.142083165523793,0.9491860870865353
1.0,1.0,-0.8,16.142087139137978,0.9491860870865353
1.0,1.0,-0.6,16.142091053093715,0.9491860870865353
1.0,1.0,-0.3999999999999999,16.142094907055384,0.9491860870865353
1.0,1.0,-0.19999999999999996,16.142098700689544,0.9491860870865353
1.0,1.0,0.0,16.142102433664945,0.9491860870865353
1.0,1.0,0.20000000000000018,16.142106105652548,0.9491860870865353
1.0,1.0,0.40000000000000013,16.1421097163256,0.9491860870865353
1.0,1.0,0.6000000000000001,16.14211326535952,0.9491860870865353
1.0,1.0,0.8,16.142116752432077,0.9491860870865353
1.0,1.0,1.0,16.14212017722333,0.9491860870865353
0.8,0.20000000000000018,-1.0,16.142203033320126,0.9491860870865353
0.8,0.20000000000000018,-0.8,16.142207883860177,0.9491860870865353
0.8,0.20000000000000018,-0.6,16.14221267563666,0.9491860870865353
0.8,0.20000000000000018,-0.3999999999999999,16.14221740829864,0.9491860870865353
0.8,0.20000000000000018,-0.19999999999999996,16.142222081497355,0.9491860870865353
0.8,0.20000000000000018,0.0,16.142226694886112,0.9491860870865353
0.8,0.20000000000000018,0.20000000000000018,16.14223124812051,0.9491860870865353
0.8,0.20000000000000018,0.40000000000000013,16.142235740858226,0.9491860870865353
0.8,0.20000000000000018,0.6000000000000001,16.142240172759244,0.9491860870865353
0.8,0.20000000000000018,0.8,16.142244543485774,0.9491860870865353
0.8,0.20000000000000018,1.0,16.14224885270222,0.9491860870865353
0.6000000000000001,-0.6,-1.0,16.142360347364168,0.9491860870865353
0.6000000000000001,-0.6,-0.8,16.142366069954406,0.9491860870865353
0.6000000000000001,-0.6,-0.6,16.142371734711876,0.9491860870865353
0.6000000000000001,-0.6,-0.3999999999999999,16.142377341270375,0.9491860870865353
0.6000000000000001,-0.6,-0.19999999999999996,16.14238288926568,0.9491860870865353
0.6000000000000001,-0.6,0.0,16.14238837833578,0.9491860870865353
0.6000000000000001,-0.6,0.20000000000000018,16.142393808120787,0.9491860870865353
0.6000000000000001,-0.6,0.40000000000000013,16.14239917826293,0.9491860870865353
0.6000000000000001,-0.6,0.6000000000000001,16.142404488406687,0.9491860870865353
0.6000000000000001,-0.6,0.8,16.142409738198754,0.9491860870865353
0.6000000000000001,-0.6,1.0,16.14241492728796,0.9491860870865353
0.8,0.40000000000000013,-1.0,16.142643891877736,0.9491860870865353
0.8,0.40000000000000013,-0.8,16.142648650760204,0.9491860870865353
0.8,0.40000000000000013,-0.6,16.142653350607166,0.9491860870865353
0.8,0.40000000000000013,-0.3999999999999999,16.142657991069747,0.9491860870865353
0.8,0.40000000000000013,-0.19999999999999996,16.142662571801313,0.9491860870865353
0.8,0.40000000000000013,0.0,16.142667092457415,0.9491860870865353
0.8,0.40000000000000013,0.20000000000000018,16.142671552695635,0.9491860870865353
0.8,0.40000000000000013,0.40000000000000013,16.142675952175903,0.9491860870865353
0.8,0.40000000000000013,0.6000000000000001,16.14268029056033,0.9491860870865353
0.8,0.40000000000000013,0.8,16.14268456751324,0.9491860870865353
0.8,0.40000000000000013,1.0,16.1426887827013,0.9491860870865353
0.6000000000000001,-0.3999999999999999,-1.0,16.142794970142667,0.9491860870865353
0.6000000000000001,-0.3999999999999999,-0.8,16.14280060289109,0.9491860870865353
0.6000000000000001,-0.3999999999999999,-0.6,16.142806177532687,0.9491860870865353
0.6000000000000001,-0.3999999999999999,-0.3999999999999999,16.14281169370336,0.9491860870865353
0.6000000000000001,-0.3999999999999999,-0.19999999999999996,16.14281715104108,0.9491860870865353
0.6000000000000001,-0.3999999999999999,0.0,16.142822549185915,0.9491860870865353
0.6000000000000001,-0.3999999999999999,0.20000000000000018,16.142827887780104,0.9491860870865353
0.6000000000000001,-0.3999999999999999,0.40000000000000013,16.14283316646807,0.9491860870865353
0.6000000000000001,-0.3999999999999999,0.6000000000000001,16.142838384896415,0.9491860870865353
0.6000000000000001,-0.3999999999999999,0.8,16.14284354271395,0.9491860870865353
0.6000000000000001,-0.3999999999999999,1.0,16.142848639571685,0.9491860870865353
0.8,0.6000000000000001,-1.0,16.143086297864144,0.9491860870865353
0.8,0.6000000000000001,-0.8,16.143090964856032,0.9491860870865353
0.8,0.6000000000000001,-0.6,16.143095572540883,0.9491860870865353
0.8,0.6000000000000001,-0.3999999999999999,16.143100120572004,0.9491860870865353
0.8,0.6000000000000001,-0.19999999999999996,16.143104608604943,0.9491860870865353
0.8,0.6000000000000001,0.0,16.14310903629724,0.9491860870865353
0.8,0.6000000000000001,0.20000000000000018,16.14311340330872,0.9491860870865353
0.8,0.6000000000000001,0.40000000000000013,16.14311770930145,0.9491860870865353
0.8,0.6000000000000001,0.6000000000000001,16.143121953939662,0.9491860870865353
0.8,0.6000000000000001,0.8,16.143126136889833,0.9491860870865353
0.8,0.6000000000000001,1.0,16.143130257820825,0.9491860870865353
0.6000000000000001,-0.19999999999999996,-1.0,16.143231147211434,0.9491860870865353
0.6000000000000001,-0.19999999999999996,-0.8,16.14323668988033,0.9491860870865353
0.6000000000000001,-0.19999999999999996,-0.6,16.143242174168822,0.9491860870865353
0.6000000000000001,-0.19999999999999996,-0.3999999999999999,16.14324759971496,0.9491860870865353
0.6000000000000001,-0.19999999999999996,-0.19999999999999996,16.14325296615884,0.9491860870865353
0.6000000000000001,-0.19999999999999996,0.0,16.143258273142617,0.9491860870865353
0.6000000000000001,-0.19999999999999996,0.20000000000000018,16.14326352031072,0.9491860870865353
0.6000000000000001,-0.19999999999999996,0.40000000000000013,16.14326870730971,0.9491860870865353
0.6000000000000001,-0.19999999999999996,0.6000000000000001,16.143273833788324,0.9491860870865353
0.6000000000000001,-0.19999999999999996,0.8,16.1432788993975,0.9491860870865353
0.6000000000000001,-0.19999999999999996,1.0,16.14328390379044,0.9491860870865353
0.40000000000000013,-1.0,-1.0,16.143413487157044,0.9491860870865353
0.40000000000000013,-1.0,-0.8,16.143419900392487,0.9491860870865353
0.40000000000000013,-1.0,-0.6,16.14342625621014,0.9491860870865353
0.40000000000000013,-1.0,-0.3999999999999999,16.14343255423274,0.9491860870865353
0.40000000000000013,-1.0,-0.19999999999999996,16.143438794084997,0.9491860870865353
0.40000000000000013,-1.0,0.0,16.143444975393745,0.9491860870865353
0.40000000000000013,-1.0,0.20000000000000018,16.14345109778793,0.9491860870865353
0.40000000000000013,-1.0,0.40000000000000013,16.14345716089867,0.9491860870865353
0.40000000000000013,-1.0,0.6000000000000001,16.143463164359144,0.9491860870865353
0.40000000000000013,-1.0,0.8,16.14346910780487,0.9491860870865353
0.40000000000000013,-1.0,1.0,16.143474990873415,0.9491860870865353
0.8,0.8,-1.0,16.14353024936312,0.9491860870865353
0.8,0.8,-0.8,16.14353482423137,0.9491860870865353
0.8,0.8,-0.6,16.143539339521595,0.9491860870865353
0.8,0.8,-0.3999999999999999,16.143543794889258,0.9491860870865353
0.8,0.8,-0.19999999999999996,16.14354818999193,0.9491860870865353
0.8,0.8,0.0,16.143552524489362,0.9491860870865353
0.8,0.8,0.20000000000000018,16.143556798043537,0.9491860870865353
0.8,0.8,0.40000000000000013,16.14356101031861,0.9491860870865353
0.8,0.8,0.6000000000000001,16.143565160981005,0.9491860870865353
0.8,0.8,0.8,16.143569249699357,0.9491860870865353
0.8,0.8,1.0,16.143573276144647,0.9491860870865353
0.6000000000000001,0.0,-1.0,16.1436688767778,0.9491860870865353
0.6000000000000001,0.0,-0.8,16.143674329129418,0.9491860870865353
0.6000000000000001,0.0,-0.6,16.143679722827585,0.9491860870865353
0.6000000000000001,0.0,-0.3999999999999999,16.143685057512386,0.9491860870865353
0.6000000000000001,0.0,-0.19999999999999996,16.143690332826072,0.9491860870865353
0.6000000000000001,0.0,0.0,16.143695548413003,0.9491860870865353
0.6000000000000001,0.0,0.20000000000000018,16.143700703919677,0.9491860870865353
0.6000000000000001,0.0,0.40000000000000013,16.143705798994823,0.9491860870865353
0.6000000000000001,0.0,0.6000000000000001,16.143710833289298,0.9491860870865353
0.6000000000000001,0.0,0.8,16.143715806456225,0.9491860870865353
0.6000000000000001,0.0,1.0,16.143720718151002,0.9491860870865353
0.40000000000000013,-0.8,-1.0,16.143844965931066,0.9491860870865353
0.40000000000000013,-0.8,-0.8,16.14385129068715,0.9491860870865353
0.40000000000000013,-0.8,-0.6,16.143857557750334,0.9491860870865353
0.40000000000000013,-0.8,-0.3999999999999999,16.143863766745426,0.9491860870865353
0.40000000000000013,-0.8,-0.19999999999999996,16.14386991729929,0.9491860870865353
0.40000000000000013,-0.8,0.0,16.143876009040845,0.9491860870865353
0.40000000000000013,-0.8,0.20000000000000018,16.1438820416012,0.9491860870865353
0.40000000000000013,-0.8,0.40000000000000013,16.143888014613594,0.9491860870865353
0.40000000000000013,-0.8,0.6000000000000001,16.143893927713417,0.9491860870865353
0.40000000000000013,-0.8,0.8,16.143899780538202,0.9491860870865353
0.40000000000000013,-0.8,1.0,16.143905572727824,0.9491860870865353
0.8,1.0,-1.0,16.143975744425948,0.9491860870865353
0.8,1.0,-0.8,16.143980226937604,0.9491860870865353
0.8,1.0,-0.6,16.143984649600696,0.9491860870865353
0.8,1.0,-0.3999999999999999,16.143989012072847,0.9491860870865353
0.8,1.0,-0.19999999999999996,16.143993314013738,0.9491860870865353
0.8,1.0,0.0,16.14399755508524,0.9491860870865353
0.8,1.0,0.20000000000000018,16.144001734951512,0.9491860870865353
0.8,1.0,0.40000000000000013,16.144005853278852,0.9491860870865353
0.8,1.0,0.6000000000000001,16.144009909735818,0.9491860870865353
0.8,1.0,0.8,16.144013903993248,0.9491860870865353
0.8,1.0,1.0,16.144017835724256,0.9491860870865353
0.6000000000000001,0.20000000000000018,-1.0,16.144108157016696,0.9491860870865353
0.6000000000000001,0.20000000000000018,-0.8,16.14411351881321,0.9491860870865353
0.6000000000000001,0.20000000000000018,-0.6,16.144118821683687,0.9491860870865353
0.6000000000000001,0.20000000000000018,-0.3999999999999999,16.14412406527037,0.9491860870865353
0.6000000000000001,0.20000000000000018,-0.19999999999999996,16.144129249217535,0.9491860870865353
0.6000000000000001,0.20000000000000018,0.0,16.144134373171703,0.9491860870865353
0.6000000000000001,0.20000000000000018,0.20000000000000018,16.14413943678156,0.9491860870865353
0.6000000000000001,0.20000000000000018,0.40000000000000013,16.144144439697964,0.9491860870865353
0.6000000000000001,0.20000000000000018,0.6000000000000001,16.14414938157386,0.9491860870865353
0.6000000000000001,0.20000000000000018,0.8,16.144154262064674,0.9491860870865353
0.6000000000000001,0.20000000000000018,1.0,16.144159080827805,0.9491860870865353
0.40000000000000013,-0.6,-1.0,16.14427800195131,0.9491860870865353
0.40000000000000013,-0.6,-0.8,16.144284237985662,0.9491860870865353
0.40000000000000013,-0.6,-0.6,16.14429041605248,0.9491860870865353
0.40000000000000013,-0.6,-0.3999999999999999,16.144296535778622,0.9491860870865353
0.40000000000000013,-0.6,-0.19999999999999996,16.144302596793054,0.9491860870865353
0.40000000000000013,-0.6,0.0,16.144308598726944,0.9491860870865353
0.40000000000000013,-0.6,0.20000000000000018,16.144314541213447,0.9491860870865353
0.40000000000000013,-0.6,0.40000000000000013,16.144320423887955,0.9491860870865353
0.40000000000000013,-0.6,0.6000000000000001,16.144326246388037,0.9491860870865353
0.40000000000000013,-0.6,0.8,16.144332008353377,0.9491860870865353
0.40000000000000013,-0.6,1.0,16.14433770942594,0.9491860870865353
0.6000000000000001,0.40000000000000013,-1.0,16.144548986070465,0.9491860870865353
0.6000000000000001,0.40000000000000013,-0.8,16.14455425707411,0.9491860870865353
0.6000000000000001,0.40000000000000013,-0.6,16.144559468879567,0.9491860870865353
0.6000000000000001,0.40000000000000013,-0.3999999999999999,16.144564621131195,0.9491860870865353
0.6000000000000001,0.40000000000000013,-0.19999999999999996,16.144569713475477,0.9491860870865353
0.6000000000000001,0.40000000000000013,0.0,16.14457474556104,0.9491860870865353
0.6000000000000001,0.40000000000000013,0.20000000000000018,16.144579717038656,0.9491860870865353
0.6000000000000001,0.40000000000000013,0.40000000000000013,16.144584627561375,0.9491860870865353
0.6000000000000001,0.40000000000000013,0.6000000000000001,16.144589476784326,0.9491860870865353
0.6000000000000001,0.40000000000000013,0.8,16.144594264364986,0.9491860870865353
0.6000000000000001,0.40000000000000013,1.0,16.144598989963065,0.9491860870865353
0.40000000000000013,-0.3999999999999999,-1.0,16.14471259348397,0.9491860870865353
0.40000000000000013,-0.3999999999999999,-0.8,16.14471874055412,0.9491860870865353
0.40000000000000013,-0.3999999999999999,-0.6,16.144724829382497,0.9491860870865353
0.40000000000000013,-0.3999999999999999,-0.3999999999999999,16.144730859598127,0.9491860870865353
0.40000000000000013,-0.3999999999999999,-0.19999999999999996,16.14473683083212,0.9491860870865353
0.40000000000000013,-0.3999999999999999,0.0,16.144742742717728,0.9491860870865353
0.40000000000000013,-0.3999999999999999,0.20000000000000018,16.144748594890274,0.9491860870865353
0.40000000000000013,-0.3999999999999999,0.40000000000000013,16.144754386987312,0.9491860870865353
0.40000000000000013,-0.3999999999999999,0.6000000000000001,16.144760118648488,0.9491860870865353
0.40000000000000013,-0.3999999999999999,0.8,16.14476578951572,0.9491860870865353
0.40000000000000013,-0.3999999999999999,1.0,16.144771399233086,0.9491860870865353
0.6000000000000001,0.6000000000000001,-1.0,16.144991362049097,0.9491860870865353
0.6000000000000001,0.6000000000000001,-0.8,16.144996542022007,0.9491860870865353
0.6000000000000001,0.6000000000000001,-0.6,16.1450016625251,0.9491860870865353
0.6000000000000001,0.6000000000000001,-0.3999999999999999,16.145006723204837,0.9491860870865353
0.6000000000000001,0.6000000000000001,-0.19999999999999996,16.145011723709842,0.9491860870865353
0.6000000000000001,0.6000000000000001,0.0,16.145016663690875,0.9491860870865353
0.6000000000000001,0.6000000000000001,0.20000000000000018,16.145021542800848,0.9491860870865353
0.6000000000000001,0.6000000000000001,0.40000000000000013,16.14502636069495,0.9491860870865353
0.6000000000000001,0.6000000000000001,0.6000000000000001,16.145031117030495,0.9491860870865353
0.6000000000000001,0.6000000000000001,0.8,16.145035811467103,0.9491860870865353
0.6000000000000001,0.6000000000000001,1.0,16.145040443666623,0.9491860870865353
0.40000000000000013,-0.19999999999999996,-1.0,16.14514873876261,0.9491860870865353
0.40000000000000013,-0.19999999999999996,-0.8,16.145154796625985,0.9491860870865353
0.40000000000000013,-0.19999999999999996,-0.6,16.145160795973897,0.9491860870865353
0.40000000000000013,-0.19999999999999996,-0.3999999999999999,16.145166736437414,0.9491860870865353
0.40000000000000013,-0.19999999999999996,-0.19999999999999996,16.145172617649852,0.9491860870865353
0.40000000000000013,-0.19999999999999996,0.0,16.145178439246543,0.9491860870865353
0.40000000000000013,-0.19999999999999996,0.20000000000000018,16.14518420086498,0.9491860870865353
0.40000000000000013,-0.19999999999999996,0.40000000000000013,16.145189902144857,0.9491860870865353
0.40000000000000013,-0.19999999999999996,0.6000000000000001,16.145195542727922,0.9491860870865353
0.40000000000000013,-0.19999999999999996,0.8,16.14520112225834,0.9491860870865353
0.40000000000000013,-0.19999999999999996,1.0,16.14520664038231,0.9491860870865353
0.20000000000000018,-1.0,-1.0,16.145343588529617,0.9491860870865353
0.20000000000000018,-1.0,-0.8,16.145350518999514,0.9491860870865353
0.20000000000000018,-1.0,-0.6,16.145357391944366,0.9491860870865353
0.20000000000000018,-1.0,-0.3999999999999999,16.145364206979934,0.9491860870865353
0.20000000000000018,-1.0,-0.19999999999999996,16.145370963724133,0.9491860870865353
0.20000000000000018,-1.0,0.0,16.14537766179697,0.9491860870865353
0.20000000000000018,-1.0,0.20000000000000018,16.145384300820464,0.9491860870865353
0.20000000000000018,-1.0,0.40000000000000013,16.145390880418837,0.9491860870865353
0.20000000000000018,-1.0,0.6000000000000001,16.145397400218396,0.9491860870865353
0.20000000000000018,-1.0,0.8,16.145403859847672,0.9491860870865353
0.20000000000000018,-1.0,1.0,16.145410258937318,0.9491860870865353
0.6000000000000001,0.8,-1.0,16.145435283029975,0.9491860870865353
0.6000000000000001,0.8,-0.8,16.145440371734335,0.9491860870865353
0.6000000000000001,0.8,-0.6,16.145445400697707,0.9491860870865353
0.6000000000000001,0.8,-0.3999999999999999,16.145450369568717,0.9491860870865353
0.6000000000000001,0.8,-0.19999999999999996,16.14545527799804,0.9491860870865353
0.6000000000000001,0.8,0.0,16.14546012563866,0.9491860870865353
0.6000000000000001,0.8,0.20000000000000018,16.145464912145616,0.9491860870865353
0.6000000000000001,0.8,0.40000000000000013,16.145469637176188,0.9491860870865353
0.6000000000000001,0.8,0.6000000000000001,16.14547430038989,0.9491860870865353
0.6000000000000001,0.8,0.8,16.145478901448502,0.9491860870865353
0.6000000000000001,0.8,1.0,16.145483440016058,0.9491860870865353
0.40000000000000013,0.0,-1.0,16.145586435988406,0.9491860870865353
0.40000000000000013,0.0,-0.8,16.145592404402432,0.9491860870865353
0.40000000000000013,0.0,-0.6,16.145598314027705,0.9491860870865353
0.40000000000000013,0.0,-0.3999999999999999,16.145604164497477,0.9491860870865353
0.40000000000000013,0.0,-0.19999999999999996,16.14560995544719,0.9491860870865353
0.40000000000000013,0.0,0.0,16.14561568651429,0.9491860870865353
0.40000000000000013,0.0,0.20000000000000018,16.145621357338378,0.9491860870865353
0.40000000000000013,0.0,0.40000000000000013,16.14562696756134,0.9491860870865353
0.40000000000000013,0.0,0.6000000000000001,16.145632516827128,0.9491860870865353
0.40000000000000013,0.0,0.8,16.145638004781937,0.9491860870865353
0.40000000000000013,0.0,1.0,16.145643431074216,0.9491860870865353
0.20000000000000018,-0.8,-1.0,16.145775033547725,0.9491860870865353
0.20000000000000018,-0.8,-0.8,16.145781876419342,0.9491860870865353
0.20000000000000018,-0.8,-0.6,16.145788661490535,0.9491860870865353
0.20000000000000018,-0.8,-0.3999999999999999,16.145795388379277,0.9491860870865353
0.20000000000000018,-0.8,-0.19999999999999996,16.145802056705605,0.9491860870865353
0.20000000000000018,-0.8,0.0,16.14580866609161,0.9491860870865353
0.20000000000000018,-0.8,0.20000000000000018,16.145815216161477,0.9491860870865353
0.20000000000000018,-0.8,0.40000000000000013,16.145821706541575,0.9491860870865353
0.20000000000000018,-0.8,0.6000000000000001,16.145828136860363,0.9491860870865353
0.20000000000000018,-0.8,0.8,16.145834506748447,0.9491860870865353
0.20000000000000018,-0.8,1.0,16.145840815838778,0.9491860870865353
0.6000000000000001,1.0,-1.0,16.145880747057998,0.9491860870865353
0.6000000000000001,1.0,-0.8,16.145885744256034,0.9491860870865353
0.6000000000000001,1.0,-0.6,16.145890681442413,0.9491860870865353
0.6000000000000001,1.0,-0.3999999999999999,16.145895558267824,0.9491860870865353
0.6000000000000001,1.0,-0.19999999999999996,16.1459003743852,0.9491860870865353
0.6000000000000001,1.0,0.0,16.145905129449552,0.9491860870865353
0.6000000000000001,1.0,0.20000000000000018,16.145909823118036,0.9491860870865353
0.6000000000000001,1.0,0.40000000000000013,16.145914455050253,0.9491860870865353
0.6000000000000001,1.0,0.6000000000000001,16.145919024907723,0.9491860870865353
0.6000000000000001,1.0,0.8,16.14592353235443,0.9491860870865353
0.6000000000000001,1.0,1.0,16.145927977056555,0.9491860870865353
0.40000000000000013,0.20000000000000018,-1.0,16.14602568333002,0.9491860870865353
0.40000000000000013,0.20000000000000018,-0.8,16.14603156205201,0.9491860870865353
0.40000000000000013,0.20000000000000018,-0.6,16.146037381712514,0.9491860870865353
0.40000000000000013,0.20000000000000018,-0.3999999999999999,16.146043141946897,0.9491860870865353
0.40000000000000013,0.20000000000000018,-0.19999999999999996,16.14604884239261,0.9491860870865353
0.40000000000000013,0.20000000000000018,0.0,16.14605448268941,0.9491860870865353
0.40000000000000013,0.20000000000000018,0.20000000000000018,16.146060062478945,0.9491860870865353
0.40000000000000013,0.20000000000000018,0.40000000000000013,16.14606558140524,0.9491860870865353
0.40000000000000013,0.20000000000000018,0.6000000000000001,16.146071039114428,0.9491860870865353
0.40000000000000013,0.20000000000000018,0.8,16.146076435254862,0.9491860870865353
0.40000000000000013,0.20000000000000018,1.0,16.146081769477142,0.9491860870865353
0.20000000000000018,-0.6,-1.0,16.146208035214855,0.9491860870865353
0.20000000000000018,-0.6,-0.8,16.14621479024085,0.9491860870865353
0.20000000000000018,-0.6,-0.6,16.14622148719159,0.9491860870865353
0.20000000000000018,-0.6,-0.3999999999999999,16.146228125687163,0.9491860870865353
0.20000000000000018,-0.6,-0.19999999999999996,16.146234705349734,0.9491860870865353
0.20000000000000018,-0.6,0.0,16.146241225803507,0.9491860870865353
0.20000000000000018,-0.6,0.20000000000000018,16.14624768667484,0.9491860870865353
0.20000000000000018,-0.6,0.40000000000000013,16.14625408759219,0.9491860870865353
0.20000000000000018,-0.6,0.6000000000000001,16.14626042818621,0.9491860870865353
0.20000000000000018,-0.6,0.8,16.146266708089676,0.9491860870865353
0.20000000000000018,-0.6,1.0,16.14627292693765,0.9491860870865353
0.40000000000000013,0.40000000000000013,-1.0,16.14646647892354,0.9491860870865353
0.40000000000000013,0.40000000000000013,-0.8,16.14647226771088,0.9491860870865353
0.40000000000000013,0.40000000000000013,-0.6,16.14647799716442,0.9491860870865353
0.40000000000000013,0.40000000000000013,-0.3999999999999999,16.146483666921654,0.9491860870865353
0.40000000000000013,0.40000000000000013,-0.19999999999999996,16.14648927662226,0.9491860870865353
0.40000000000000013,0.40000000000000013,0.0,16.146494825907965,0.9491860870865353
0.40000000000000013,0.40000000000000013,0.20000000000000018,16.146500314422724,0.9491860870865353
0.40000000000000013,0.40000000000000013,0.40000000000000013,16.14650574181256,0.9491860870865353
0.40000000000000013,0.40000000000000013,0.6000000000000001,16.1465111077259,0.9491860870865353
0.40000000000000013,0.40000000000000013,0.8,16.14651641181315,0.9491860870865353
0.40000000000000013,0.40000000000000013,1.0,16.14652165372713,0.9491860870865353
0.20000000000000018,-0.3999999999999999,-1.0,16.14664259179091,0.9491860870865353
0.20000000000000018,-0.3999999999999999,-0.8,16.14664925872391,0.9491860870865353
0.20000000000000018,-0.3999999999999999,-0.6,16.146655867307338,0.9491860870865353
0.20000000000000018,-0.3999999999999999,-0.3999999999999999,16.146662417163338,0.9491860870865353
0.20000000000000018,-0.3999999999999999,-0.19999999999999996,16.1466689079162,0.9491860870865353
0.20000000000000018,-0.3999999999999999,0.0,16.146675339192274,0.9491860870865353
0.20000000000000018,-0.3999999999999999,0.20000000000000018,16.14668171062007,0.9491860870865353
0.20000000000000018,-0.3999999999999999,0.40000000000000013,16.146688021830187,0.9491860870865353
0.20000000000000018,-0.3999999999999999,0.6000000000000001,16.146694272455395,0.9491860870865353
0.20000000000000018,-0.3999999999999999,0.8,16.1467004621307,0.9491860870865353
0.20000000000000018,-0.3999999999999999,1.0,16.146706590493245,0.9491860870865353
0.40000000000000013,0.6000000000000001,-1.0,16.14690882087256,0.9491860870865353
0.40000000000000013,0.6000000000000001,-0.8,16.146914519482582,0.9491860870865353
0.40000000000000013,0.6000000000000001,-0.6,16.14692015848701,0.9491860870865353
0.40000000000000013,0.6000000000000001,-0.3999999999999999,16.146925737525446,0.9491860870865353
0.40000000000000013,0.6000000000000001,-0.19999999999999996,16.14693125623967,0.9491860870865353
0.40000000000000013,0.6000000000000001,0.0,16.146936714273608,0.9491860870865353
0.40000000000000013,0.6000000000000001,0.20000000000000018,16.14694211127327,0.9491860870865353
0.40000000000000013,0.6000000000000001,0.40000000000000013,16.146947446886976,0.9491860870865353
0.40000000000000013,0.6000000000000001,0.6000000000000001,16.146952720765118,0.9491860870865353
0.40000000000000013,0.6000000000000001,0.8,16.146957932560444,0.9491860870865353
0.40000000000000013,0.6000000000000001,1.0,16.14696308192781,0.9491860870865353
0.20000000000000018,-0.19999999999999996,-1.0,16.14707870150335,0.9491860870865353
0.20000000000000018,-0.19999999999999996,-0.8,16.147085280095958,0.9491860870865353
0.20000000000000018,-0.19999999999999996,-0.6,16.147091800065088,0.9491860870865353
0.20000000000000018,-0.19999999999999996,-0.3999999999999999,16.147098261035023,0.9491860870865353
0.20000000000000018,-0.19999999999999996,-0.19999999999999996,16.147104662632184,0.9491860870865353
0.20000000000000018,-0.19999999999999996,0.0,16.147111004485065,0.9491860870865353
0.20000000000000018,-0.19999999999999996,0.20000000000000018,16.147117286224287,0.9491860870865353
0.20000000000000018,-0.19999999999999996,0.40000000000000013,16.147123507482576,0.9491860870865353
0.20000000000000018,-0.19999999999999996,0.6000000000000001,16.147129667894927,0.9491860870865353
0.20000000000000018,-0.19999999999999996,0.8,16.147135767098426,0.9491860870865353
0.20000000000000018,-0.19999999999999996,1.0,16.14714180473243,0.9491860870865353
0.0,-1.0,-1.0,16.147286034815473,0.9491860870865353
0.0,-1.0,-0.8,16.14729348793188,0.9491860870865353
0.0,-1.0,-0.6,16.147300883443123,0.9491860870865353
0.0,-1.0,-0.3999999999999999,16.14730822095816,0.9491860870865353
0.0,-1.0,-0.19999999999999996,16.147315500088066,0.9491860870865353
0.0,-1.0,0.0,16.14732272044594,0.9491860870865353
0.0,-1.0,0.20000000000000018,16.14732988164696,0.9491860870865353
0.0,-1.0,0.40000000000000013,16.147336983308442,0.9491860870865353
0.0,-1.0,0.6000000000000001,16.14734402504982,0.9491860870865353
0.0,-1.0,0.8,16.14735100649264,0.9491860870865353
0.40000000000000013,0.8,-1.0,16.147352707248142,0.9491860870865353
0.0,-1.0,1.0,16.147357927260696,0.9491860870865353
0.40000000000000013,0.8,-0.8,16.14735831543822,0.9491860870865353
0.40000000000000013,0.8,-0.6,16.14736386375139,0.9491860870865353
0.40000000000000013,0.8,-0.3999999999999999,16.147369351829333,0.9491860870865353
0.40000000000000013,0.8,-0.19999999999999996,16.14737477931604,0.9491860870865353
0.40000000000000013,0.8,0.0,16.147380145857483,0.9491860870865353
0.40000000000000013,0.8,0.20000000000000018,16.147385451101876,0.9491860870865353
0.40000000000000013,0.8,0.40000000000000013,16.147390694699645,0.9491860870865353
0.40000000000000013,0.8,0.6000000000000001,16.147395876303392,0.9491860870865353
0.40000000000000013,0.8,0.8,16.14740099556801,0.9491860870865353
0.40000000000000013,0.8,1.0,16.147406052150505,0.9491860870865353
0.20000000000000018,0.0,-1.0,16.147516362547076,0.9491860870865353
0.20000000000000018,0.0,-0.8,16.147522852551862,0.9491860870865353
0.20000000000000018,0.0,-0.6,16.1475292836597,0.9491860870865353
0.20000000000000018,0.0,-0.3999999999999999,16.14753565549708,0.9491860870865353
0.20000000000000018,0.0,-0.19999999999999996,16.147541967692494,0.9491860870865353
0.20000000000000018,0.0,0.0,16.14754821987661,0.9491860870865353
0.20000000000000018,0.0,0.20000000000000018,16.14755441168215,0.9491860870865353
0.20000000000000018,0.0,0.40000000000000013,16.147560542744028,0.9491860870865353
0.20000000000000018,0.0,0.6000000000000001,16.147566612699407,0.9491860870865353
0.20000000000000018,0.0,0.8,16.1475726211875,0.9491860870865353
0.20000000000000018,0.0,1.0,16.147578567849816,0.9491860870865353
0.0,-0.8,-1.0,16.147717442482467,0.9491860870865353
0.0,-0.8,-0.8,16.147724808875253,0.9491860870865353
0.0,-0.8,-0.6,16.147732117387395,0.9491860870865353
0.0,-0.8,-0.3999999999999999,16.147739367629942,0.9491860870865353
0.0,-0.8,-0.19999999999999996,16.14774655921614,0.9491860870865353
0.0,-0.8,0.0,16.14775369176118,0.9491860870865353
0.0,-0.8,0.20000000000000018,16.14776076488241,0.9491860870865353
0.0,-0.8,0.40000000000000013,16.147767778199295,0.9491860870865353
0.0,-0.8,0.6000000000000001,16.147774731333367,0.9491860870865353
0.0,-0.8,0.8,16.147781623908358,0.9491860870865353
0.0,-0.8,1.0,16.147788455550252,0.9491860870865353
0.40000000000000013,1.0,-1.0,16.147798136088852,0.9491860870865353
0.40000000000000013,1.0,-0.8,16.147803653616418,0.9491860870865353
0.40000000000000013,1.0,-0.6,16.147809110996207,0.9491860870865353
0.40000000000000013,1.0,-0.3999999999999999,16.147814507872063,0.9491860870865353
0.40000000000000013,1.0,-0.19999999999999996,16.14781984389006,0.9491860870865353
0.40000000000000013,1.0,0.0,16.14782511869836,0.9491860870865353
0.40000000000000013,1.0,0.20000000000000018,16.14783033194729,0.9491860870865353
0.40000000000000013,1.0,0.40000000000000013,16.147835483289448,0.9491860870865353
0.40000000000000013,1.0,0.6000000000000001,16.14784057237959,0.9491860870865353
0.40000000000000013,1.0,0.8,16.147845598874735,0.9491860870865353
0.40000000000000013,1.0,1.0,16.14785056243415,0.9491860870865353
0.20000000000000018,0.20000000000000018,-1.0,16.147955573084513,0.9491860870865353
0.20000000000000018,0.20000000000000018,-0.8,16.147961974253942,0.9491860870865353
0.20000000000000018,0.20000000000000018,-0.6,16.147968316253536,0.9491860870865353
0.20000000000000018,0.20000000000000018,-0.3999999999999999,16.14797459871179,0.9491860870865353
0.20000000000000018,0.20000000000000018,-0.19999999999999996,16.147980821259424,0.9491860870865353
0.20000000000000018,0.20000000000000018,0.0,16.14798698352917,0.9491860870865353
0.20000000000000018,0.20000000000000018,0.20000000000000018,16.14799308515596,0.9491860870865353
0.20000000000000018,0.20000000000000018,0.40000000000000013,16.14799912577685,0.9491860870865353
0.20000000000000018,0.20000000000000018,0.6000000000000001,16.148005105031054,0.9491860870865353
0.20000000000000018,0.20000000000000018,0.8,16.14801102256009,0.9491860870865353
0.20000000000000018,0.20000000000000018,1.0,16.14801687800756,0.9491860870865353
0.0,-0.6,-1.0,16.148150406135787,0.9491860870865353
0.0,-0.6,-0.8,16.14815768555278,0.9491860870865353
0.0,-0.6,-0.6,16.148164906814063,0.9491860870865353
0.0,-0.6,-0.3999999999999999,16.148172069532933,0.9491860870865353
0.0,-0.6,-0.19999999999999996,16.148179173324625,0.9491860870865353
0.0,-0.6,0.0,16.148186217806554,0.9491860870865353
0.0,-0.6,0.20000000000000018,16.148193202598154,0.9491860870865353
0.0,-0.6,0.40000000000000013,16.148200127321047,0.9491860870865353
0.0,-0.6,0.6000000000000001,16.148206991598947,0.9491860870865353
0.0,-0.6,0.8,16.148213795057732,0.9491860870865353
0.0,-0.6,1.0,16.14822053732552,0.9491860870865353
0.20000000000000018,0.40000000000000013,-1.0,16.14839633124545,0.9491860870865353
0.20000000000000018,0.40000000000000013,-0.8,16.14840264333208,0.9491860870865353
0.20000000000000018,0.40000000000000013,-0.6,16.148408895976335,0.9491860870865353
0.20000000000000018,0.40000000000000013,-0.3999999999999999,16.148415088809,0.9491860870865353
0.20000000000000018,0.40000000000000013,-0.19999999999999996,16.148421221462765,0.9491860870865353
0.20000000000000018,0.40000000000000013,0.0,16.14842729357259,0.9491860870865353
0.20000000000000018,0.40000000000000013,0.20000000000000018,16.148433304775516,0.9491860870865353
0.20000000000000018,0.40000000000000013,0.40000000000000013,16.148439254710755,0.9491860870865353
0.20000000000000018,0.40000000000000013,0.6000000000000001,16.148445143019703,0.9491860870865353
0.20000000000000018,0.40000000000000013,0.8,16.148450969346015,0.9491860870865353
0.20000000000000018,0.40000000000000013,1.0,16.14845673333545,0.9491860870865353
0.0,-0.3999999999999999,-1.0,16.14858492402921,0.9491860870865353
0.0,-0.3999999999999999,-0.8,16.148592116218165,0.9491860870865353
0.0,-0.3999999999999999,-0.6,16.148599249976865,0.9491860870865353
0.0,-0.3999999999999999,-0.3999999999999999,16.14860632492071,0.9491860870865353
0.0,-0.3999999999999999,-0.19999999999999996,16.148613340667062,0.9491860870865353
0.0,-0.3999999999999999,0.0,16.148620296835485,0.9491860870865353
0.0,-0.3999999999999999,0.20000000000000018,16.148627193047588,0.9491860870865353
0.0,-0.3999999999999999,0.40000000000000013,16.148634028927106,0.9491860870865353
0.0,-0.3999999999999999,0.6000000000000001,16.148640804099877,0.9491860870865353
0.0,-0.3999999999999999,0.8,16.148647518194018,0.9491860870865353
0.0,-0.3999999999999999,1.0,16.148654170839738,0.9491860870865353
0.20000000000000018,0.6000000000000001,-1.0,16.148838635127166,0.9491860870865353
0.20000000000000018,0.6000000000000001,-0.8,16.148844857883482,0.9491860870865353
0.20000000000000018,0.6000000000000001,-0.6,16.148851020925502,0.9491860870865353
0.20000000000000018,0.6000000000000001,-0.3999999999999999,16.14885712388595,0.9491860870865353
0.20000000000000018,0.6000000000000001,-0.19999999999999996,16.14886316639986,0.9491860870865353
0.20000000000000018,0.6000000000000001,0.0,16.1488691481042,0.9491860870865353
0.20000000000000018,0.6000000000000001,0.20000000000000018,16.14887506863819,0.9491860870865353
0.20000000000000018,0.6000000000000001,0.40000000000000013,16.14888092764318,0.9491860870865353
0.20000000000000018,0.6000000000000001,0.6000000000000001,16.148886724762765,0.9491860870865353
0.20000000000000018,0.6000000000000001,0.8,16.14889245964268,0.9491860870865353
0.20000000000000018,0.6000000000000001,1.0,16.148898131930967,0.9491860870865353
0.0,-0.19999999999999996,-1.0,16.14902099438401,0.9491860870865353
0.0,-0.19999999999999996,-0.8,16.14902809909263,0.9491860870865353
0.0,-0.19999999999999996,-0.6,16.149035145096896,0.9491860870865353
0.0,-0.19999999999999996,-0.3999999999999999,16.149042132014333,0.9491860870865353
0.0,-0.19999999999999996,-0.19999999999999996,16.149049059464506,0.9491860870865353
0.0,-0.19999999999999996,0.0,16.149055927069053,0.9491860870865353
0.0,-0.19999999999999996,0.20000000000000018,16.149062734451707,0.9491860870865353
0.0,-0.19999999999999996,0.40000000000000013,16.149069481238396,0.9491860870865353
0.0,-0.19999999999999996,0.6000000000000001,16.14907616705708,0.9491860870865353
0.0,-0.19999999999999996,0.8,16.14908279153804,0.9491860870865353
0.0,-0.19999999999999996,1.0,16.149089354313656,0.9491860870865353
-0.19999999999999996,-1.0,-1.0,16.14924078312545,0.9491860870865353
-0.19999999999999996,-1.0,-0.8,16.149248764151352,0.9491860870865353
-0.19999999999999996,-1.0,-0.6,16.14925668751918,0.9491860870865353
-0.19999999999999996,-1.0,-0.3999999999999999,16.149264552831205,0.9491860870865353
-0.19999999999999996,-1.0,-0.19999999999999996,16.149272359691572,0.9491860870865353
-0.19999999999999996,-1.0,0.0,16.149280107706563,0.9491860870865353
0.20000000000000018,0.8,-1.0,16.149282482794366,0.9491860870865353
-0.19999999999999996,-1.0,0.20000000000000018,16.149287796484504,0.9491860870865353
0.20000000000000018,0.8,-0.8,16.149288615972957,0.9491860870865353
0.20000000000000018,0.8,-0.6,16.149294689165732,0.9491860870865353
-0.19999999999999996,-1.0,0.40000000000000013,16.14929542563579,0.9491860870865353
0.20000000000000018,0.8,-0.3999999999999999,16.149300702007576,0.9491860870865353
-0.19999999999999996,-1.0,0.6000000000000001,16.149302994772984,0.9491860870865353
0.20000000000000018,0.8,-0.19999999999999996,16.149306654135582,0.9491860870865353
-0.19999999999999996,-1.0,0.8,16.1493105035107,0.9491860870865353
0.20000000000000018,0.8,0.0,16.149312545188902,0.9491860870865353
-0.19999999999999996,-1.0,1.0,16.14931795146584,0.9491860870865353
0.20000000000000018,0.8,0.20000000000000018,16.149318374808875,0.9491860870865353
0.20000000000000018,0.8,0.40000000000000013,16.149324142639085,0.9491860870865353
0.20000000000000018,0.8,0.6000000000000001,16.149329848325202,0.9491860870865353
0.20000000000000018,0.8,0.8,16.149335491515163,0.9491860870865353
0.20000000000000018,0.8,1.0,16.149341071859194,0.9491860870865353
0.0,0.0,-1.0,16.14945861538885,0.9491860870865353
0.0,0.0,-0.8,16.14946563236481,0.9491860870865353
0.0,0.0,-0.6,16.149472590362787,0.9491860870865353
0.0,0.0,-0.3999999999999999,16.149479489002463,0.9491860870865353
0.0,0.0,-0.19999999999999996,16.149486327905525,0.9491860870865353
0.0,0.0,0.0,16.149493106695743,0.9491860870865353
0.0,0.0,0.20000000000000018,16.149499824999,0.9491860870865353
0.0,0.0,0.40000000000000013,16.149506482443353,0.9491860870865353
0.0,0.0,0.6000000000000001,16.149513078658977,0.9491860870865353
0.0,0.0,0.8,16.149519613278226,0.9491860870865353
0.0,0.0,1.0,16.149526085935722,0.9491860870865353
-0.19999999999999996,-0.8,-1.0,16.149672149831176,0.9491860870865353
-0.19999999999999996,-0.8,-0.8,16.149680045001872,0.9491860870865353
-0.19999999999999996,-0.8,-0.6,16.149687882238823,0.9491860870865353
-0.19999999999999996,-0.8,-0.3999999999999999,16.14969566114641,0.9491860870865353
-0.19999999999999996,-0.8,-0.19999999999999996,16.14970338133094,0.9491860870865353
-0.19999999999999996,-0.8,0.0,16.149711042400792,0.9491860870865353
-0.19999999999999996,-0.8,0.20000000000000018,16.149718643966448,0.9491860870865353
-0.19999999999999996,-0.8,0.40000000000000013,16.149726185640446,0.9491860870865353
0.20000000000000018,1.0,-1.0,16.149727872279232,0.9491860870865353
-0.19999999999999996,-0.8,0.6000000000000001,16.149733667037474,0.9491860870865353
0.20000000000000018,1.0,-0.8,16.149733915632748,0.9491860870865353
0.20000000000000018,1.0,-0.6,16.14973989872936,0.9491860870865353
-0.19999999999999996,-0.8,0.8,16.14974108777437,0.9491860870865353
0.20000000000000018,1.0,-0.3999999999999999,16.149745821206125,0.9491860870865353
-0.19999999999999996,-0.8,1.0,16.14974844747009,0.9491860870865353
0.20000000000000018,1.0,-0.19999999999999996,16.149751682702277,0.9491860870865353
0.20000000000000018,1.0,0.0,16.149757482859115,0.9491860870865353
0.20000000000000018,1.0,0.20000000000000018,16.149763221320118,0.9491860870865353
0.20000000000000018,1.0,0.40000000000000013,16.149768897731004,0.9491860870865353
0.20000000000000018,1.0,0.6000000000000001,16.149774511739626,0.9491860870865353
0.20000000000000018,1.0,0.8,16.149780062996104,0.9491860870865353
0.20000000000000018,1.0,1.0,16.14978555115278,0.9491860870865353
0.0,0.20000000000000018,-1.0,16.149897785199844,0.9491860870865353
0.0,0.20000000000000018,-0.8,16.149904714190747,0.9491860870865353
0.0,0.20000000000000018,-0.6,16.14991158393062,0.9491860870865353
0.0,0.20000000000000018,-0.3999999999999999,16.14991839404118,0.9491860870865353
0.0,0.20000000000000018,-0.19999999999999996,16.149925144146216,0.9491860870865353
0.0,0.20000000000000018,0.0,16.149931833871666,0.9491860870865353
0.0,0.20000000000000018,0.20000000000000018,16.14993846284557,0.9491860870865353
0.0,0.20000000000000018,0.40000000000000013,16.149945030698127,0.9491860870865353
0.0,0.20000000000000018,0.6000000000000001,16.149951537061604,0.9491860870865353
0.0,0.20000000000000018,0.8,16.14995798157068,0.9491860870865353
0.0,0.20000000000000018,1.0,16.149964363861965,0.9491860870865353
-0.19999999999999996,-0.6,-1.0,16.150105071795185,0.9491860870865353
-0.19999999999999996,-0.6,-0.8,16.15011288085357,0.9491860870865353
-0.19999999999999996,-0.6,-0.6,16.15012063170307,0.9491860870865353
-0.19999999999999996,-0.6,-0.3999999999999999,16.15012832395007,0.9491860870865353
-0.19999999999999996,-0.6,-0.19999999999999996,16.150135957203084,0.9491860870865353
-0.19999999999999996,-0.6,0.0,16.15014353107257,0.9491860870865353
-0.19999999999999996,-0.6,0.20000000000000018,16.1501510451712,0.9491860870865353
-0.19999999999999996,-0.6,0.40000000000000013,16.15015849911361,0.9491860870865353
-0.19999999999999996,-0.6,0.6000000000000001,16.150165892516707,0.9491860870865353
-0.19999999999999996,-0.6,0.8,16.15017322499943,0.9491860870865353
-0.19999999999999996,-0.6,1.0,16.150180496182912,0.9491860870865353
0.0,0.40000000000000013,-1.0,16.150338501940503,0.9491860870865353
0.0,0.40000000000000013,-0.8,16.150345342694113,0.9491860870865353
0.0,0.40000000000000013,-0.6,16.150352123923987,0.9491860870865353
0.0,0.40000000000000013,-0.3999999999999999,16.15035884525401,0.9491860870865353
0.0,0.40000000000000013,-0.19999999999999996,16.15036550631011,0.9491860870865353
0.0,0.40000000000000013,0.0,16.150372106720354,0.9491860870865353
0.0,0.40000000000000013,0.20000000000000018,16.150378646114955,0.9491860870865353
0.0,0.40000000000000013,0.40000000000000013,16.150385124126217,0.9491860870865353
0.0,0.40000000000000013,0.6000000000000001,16.15039154038865,0.9491860870865353
0.0,0.40000000000000013,0.8,16.15039789453895,0.9491860870865353
0.0,0.40000000000000013,1.0,16.150404186216065,0.9491860870865353
-0.19999999999999996,-0.3999999999999999,-1.0,16.150539547265033,0.9491860870865353
-0.19999999999999996,-0.3999999999999999,-0.8,16.150547269954032,0.9491860870865353
-0.19999999999999996,-0.3999999999999999,-0.6,16.1505549341594,0.9491860870865353
-0.19999999999999996,-0.3999999999999999,-0.3999999999999999,16.150562539489595,0.9491860870865353
-0.19999999999999996,-0.3999999999999999,-0.19999999999999996,16.15057008555536,0.9491860870865353
-0.19999999999999996,-0.3999999999999999,0.0,16.150577571969244,0.9491860870865353
-0.19999999999999996,-0.3999999999999999,0.20000000000000018,16.150584998346037,0.9491860870865353
-0.19999999999999996,-0.3999999999999999,0.40000000000000013,16.15059236430256,0.9491860870865353
-0.19999999999999996,-0.3999999999999999,0.6000000000000001,16.150599669457858,0.9491860870865353
-0.19999999999999996,-0.3999999999999999,0.8,16.150606913433037,0.9491860870865353
-0.19999999999999996,-0.3999999999999999,1.0,16.150614095851413,0.9491860870865353
0.0,0.6000000000000001,-1.0,16.150780763701764,0.9491860870865353
0.0,0.6000000000000001,-0.8,16.150787515965767,0.9491860870865353
0.0,0.6000000000000001,-0.6,16.150794208433844,0.9491860870865353
0.0,0.6000000000000001,-0.3999999999999999,16.150800840731986,0.9491860870865353
0.0,0.6000000000000001,-0.19999999999999996,16.150807412488295,0.9491860870865353
0.0,0.6000000000000001,0.0,16.15081392333295,0.9491860870865353
0.0,0.6000000000000001,0.20000000000000018,16.150820372898288,0.9491860870865353
0.0,0.6000000000000001,0.40000000000000013,16.15082676081882,0.9491860870865353
0.0,0.6000000000000001,0.6000000000000001,16.150833086731225,0.9491860870865353
0.0,0.6000000000000001,0.8,16.150839350274282,0.9491860870865353
0.0,0.6000000000000001,1.0,16.150845551089205,0.9491860870865353
-0.19999999999999996,-0.19999999999999996,-1.0,16.150975574455853,0.9491860870865353
-0.19999999999999996,-0.19999999999999996,-0.8,16.150983210518223,0.9491860870865353
-0.19999999999999996,-0.19999999999999996,-0.6,16.15099078782271,0.9491860870865353
-0.19999999999999996,-0.19999999999999996,-0.3999999999999999,16.150998305979943,0.9491860870865353
-0.19999999999999996,-0.19999999999999996,-0.19999999999999996,16.151005764602658,0.9491860870865353
-0.19999999999999996,-0.19999999999999996,0.0,16.151013163305652,0.9491860870865353
-0.19999999999999996,-0.19999999999999996,0.20000000000000018,16.15102050170579,0.9491860870865353
-0.19999999999999996,-0.19999999999999996,0.40000000000000013,16.15102777942209,0.9491860870865353
-0.19999999999999996,-0.19999999999999996,0.6000000000000001,16.151034996075722,0.9491860870865353
-0.19999999999999996,-0.19999999999999996,0.8,16.15104215128994,0.9491860870865353
-0.19999999999999996,-0.19999999999999996,1.0,16.151049244690274,0.9491860870865353
-0.3999999999999999,-1.0,-1.0,16.15120778867703,0.9491860870865353
-0.3999999999999999,-1.0,-0.8,16.15121630272542,0.9491860870865353
0.0,0.8,-1.0,16.151224568542034,0.9491860870865353
-0.3999999999999999,-1.0,-0.6,16.151224759090223,0.9491860870865353
0.0,0.8,-0.8,16.151231232064173,0.9491860870865353
-0.3999999999999999,-1.0,-0.3999999999999999,16.151233157366867,0.9491860870865353
0.0,0.8,-0.6,16.151237835518653,0.9491860870865353
-0.3999999999999999,-1.0,-0.19999999999999996,16.151241497152714,0.9491860870865353
0.0,0.8,-0.3999999999999999,16.15124437853361,0.9491860870865353
-0.3999999999999999,-1.0,0.0,16.15124977804717,0.9491860870865353
0.0,0.8,-0.19999999999999996,16.151250860739285,0.9491860870865353
0.0,0.8,0.0,16.151257281768014,0.9491860870865353
-0.3999999999999999,-1.0,0.20000000000000018,16.151257999651694,0.9491860870865353
0.0,0.8,0.20000000000000018,16.15126364125424,0.9491860870865353
-0.3999999999999999,-1.0,0.40000000000000013,16.15126616156981,0.9491860870865353
0.0,0.8,0.40000000000000013,16.151269938834652,0.9491860870865353
-0.3999999999999999,-1.0,0.6000000000000001,16.151274263407213,0.9491860870865353
0.0,0.8,0.6000000000000001,16.151276174148045,0.9491860870865353
-0.3999999999999999,-1.0,0.8,16.151282304771573,0.9491860870865353
0.0,0.8,0.8,16.151282346835504,0.9491860870865353
0.0,0.8,1.0,16.15128845654021,0.9491860870865353
-0.3999999999999999,-1.0,1.0,16.151290285272925,0.9491860870865353
-0.19999999999999996,0.0,-1.0,16.151413151549963,0.9491860870865353
-0.19999999999999996,0.0,-0.8,16.151420700728583,0.9491860870865353
-0.19999999999999996,0.0,-0.6,16.1514281908755,0.9491860870865353
-0.19999999999999996,0.0,-0.3999999999999999,16.151435621603472,0.9491860870865353
-0.19999999999999996,0.0,-0.19999999999999996,16.15144299252736,0.9491860870865353
-0.19999999999999996,0.0,0.0,16.151450303264145,0.9491860870865353
-0.19999999999999996,0.0,0.20000000000000018,16.15145755343279,0.9491860870865353
-0.19999999999999996,0.0,0.40000000000000013,16.15146474265451,0.9491860870865353
-0.19999999999999996,0.0,0.6000000000000001,16.151471870552584,0.9491860870865353
-0.19999999999999996,0.0,0.8,16.15147893675243,0.9491860870865353
-0.19999999999999996,0.0,1.0,16.151485940881784,0.9491860870865353
-0.3999999999999999,-0.8,-1.0,16.151639110796747,0.9491860870865353
-0.3999999999999999,-0.8,-0.8,16.151647539852103,0.9491860870865353
-0.3999999999999999,-0.8,-0.6,16.151655910948048,0.9491860870865353
-0.3999999999999999,-0.8,-0.3999999999999999,16.15166422368207,0.9491860870865353
0.0,1.0,-1.0,16.15166991448706,0.9491860870865353
-0.3999999999999999,-0.8,-0.19999999999999996,16.151672477653644,0.9491860870865353
0.0,1.0,-0.8,16.15167648901517,0.9491860870865353
-0.3999999999999999,-0.8,0.0,16.15168067246439,0.9491860870865353
0.0,1.0,-0.6,16.15168300320437,0.9491860870865353
-0.3999999999999999,-0.8,0.20000000000000018,16.151688807717854,0.9491860870865353
0.0,1.0,-0.3999999999999999,16.151689456684892,0.9491860870865353
0.0,1.0,-0.19999999999999996,16.151695849089176,0.9491860870865353
-0.3999999999999999,-0.8,0.40000000000000013,16.15169688301972,0.9491860870865353
0.0,1.0,0.0,16.151702180051664,0.9491860870865353
-0.3999999999999999,-0.8,0.6000000000000001,16.151704897977783,0.9491860870865353
0.0,1.0,0.20000000000000018,16.15170844920896,0.9491860870865353
-0.3999999999999999,-0.8,0.8,16.151712852201953,0.9491860870865353
0.0,1.0,0.40000000000000013,16.151714656199914,0.9491860870865353
-0.3999999999999999,-0.8,1.0,16.15172074530435,0.9491860870865353
0.0,1.0,0.6000000000000001,16.15172080066548,0.9491860870865353
0.0,1.0,0.8,16.151726882248916,0.9491860870865353
0.0,1.0,1.0,16.151732900595608,0.9491860870865353
-0.19999999999999996,0.20000000000000018,-1.0,16.151852276697237,0.9491860870865353
-0.19999999999999996,0.20000000000000018,-0.8,16.15185973873491,0.9491860870865353
-0.19999999999999996,0.20000000000000018,-0.6,16.15186714146754,0.9491860870865353
-0.19999999999999996,0.20000000000000018,-0.3999999999999999,16.151874484510024,0.9491860870865353
-0.19999999999999996,0.20000000000000018,-0.19999999999999996,16.151881767479335,0.9491860870865353
-0.19999999999999996,0.20000000000000018,0.0,16.151888989994575,0.9491860870865353
-0.19999999999999996,0.20000000000000018,0.20000000000000018,16.15189615167692,0.9491860870865353
-0.19999999999999996,0.20000000000000018,0.40000000000000013,16.151903252149683,0.9491860870865353
-0.19999999999999996,0.20000000000000018,0.6000000000000001,16.151910291038302,0.9491860870865353
-0.19999999999999996,0.20000000000000018,0.8,16.1519172679704,0.9491860870865353
-0.19999999999999996,0.20000000000000018,1.0,16.151924182575858,0.9491860870865353
-0.3999999999999999,-0.6,-1.0,16.152071987381262,0.9491860870865353
-0.3999999999999999,-0.6,-0.8,16.15208033118166,0.9491860870865353
-0.3999999999999999,-0.6,-0.6,16.152088616747207,0.9491860870865353
-0.3999999999999999,-0.6,-0.3999999999999999,16.152096843677562,0.9491860870865353
-0.3999999999999999,-0.6,-0.19999999999999996,16.152105011574317,0.9491860870865353
-0.3999999999999999,-0.6,0.0,16.152113120041193,0.9491860870865353
-0.3999999999999999,-0.6,0.20000000000000018,16.152121168683895,0.9491860870865353
-0.3999999999999999,-0.6,0.40000000000000013,16.152129157110306,0.9491860870865353
-0.3999999999999999,-0.6,0.6000000000000001,16.15213708493031,0.9491860870865353
-0.3999999999999999,-0.6,0.8,16.152144951756046,0.9491860870865353
-0.3999999999999999,-0.6,1.0,16.152152757201737,0.9491860870865353
-0.19999999999999996,0.40000000000000013,-1.0,16.152292948014935,0.9491860870865353
-0.19999999999999996,0.40000000000000013,-0.8,16.152300322654504,0.9491860870865353
-0.19999999999999996,0.40000000000000013,-0.6,16.152307637716127,0.9491860870865353
-0.19999999999999996,0.40000000000000013,-0.3999999999999999,16.152314892816875,0.9491860870865353
-0.19999999999999996,0.40000000000000013,-0.19999999999999996,16.152322087575858,0.9491860870865353
-0.19999999999999996,0.40000000000000013,0.0,16.152329221614316,0.9491860870865353
-0.19999999999999996,0.40000000000000013,0.20000000000000018,16.152336294555525,0.9491860870865353
-0.19999999999999996,0.40000000000000013,0.40000000000000013,16.15234330602497,0.9491860870865353
-0.19999999999999996,0.40000000000000013,0.6000000000000001,16.1523502556503,0.9491860870865353
-0.19999999999999996,0.40000000000000013,0.8,16.152357143061238,0.9491860870865353
-0.19999999999999996,0.40000000000000013,1.0,16.152363967889904,0.9491860870865353
-0.3999999999999999,-0.3999999999999999,-1.0,16.152506416672065,0.9491860870865353
-0.3999999999999999,-0.3999999999999999,-0.8,16.152514674955448,0.9491860870865353
-0.3999999999999999,-0.3999999999999999,-0.6,16.152522874729033,0.9491860870865353
-0.3999999999999999,-0.3999999999999999,-0.3999999999999999,16.15253101559461,0.9491860870865353
-0.3999999999999999,-0.3999999999999999,-0.19999999999999996,16.152539097155902,0.9491860870865353
-0.3999999999999999,-0.3999999999999999,0.0,16.15254711901876,0.9491860870865353
-0.3999999999999999,-0.3999999999999999,0.20000000000000018,16.152555080791018,0.9491860870865353
-0.3999999999999999,-0.3999999999999999,0.40000000000000013,16.152562982082735,0.9491860870865353
-0.3999999999999999,-0.3999999999999999,0.6000000000000001,16.152570822505965,0.9491860870865353
-0.3999999999999999,-0.3999999999999999,0.8,16.15257860167493,0.9491860870865353
-0.3999999999999999,-0.3999999999999999,1.0,16.15258631920609,0.9491860870865353
-0.19999999999999996,0.6000000000000001,-1.0,16.152735163587653,0.9491860870865353
-0.19999999999999996,0.6000000000000001,-0.8,16.152742450572,0.9491860870865353
-0.19999999999999996,0.6000000000000001,-0.6,16.152749677705973,0.9491860870865353
-0.19999999999999996,0.6000000000000001,-0.3999999999999999,16.152756844608803,0.9491860870865353
-0.19999999999999996,0.6000000000000001,-0.19999999999999996,16.15276395090172,0.9491860870865353
-0.19999999999999996,0.6000000000000001,0.0,16.1527709962081,0.9491860870865353
-0.19999999999999996,0.6000000000000001,0.20000000000000018,16.15277798015344,0.9491860870865353
-0.19999999999999996,0.6000000000000001,0.40000000000000013,16.1527849023653,0.9491860870865353
-0.19999999999999996,0.6000000000000001,0.6000000000000001,16.152791762473488,0.9491860870865353
-0.19999999999999996,0.6000000000000001,0.8,16.152798560109982,0.9491860870865353
-0.19999999999999996,0.6000000000000001,1.0,16.15280529490895,0.9491860870865353
-0.3999999999999999,-0.19999999999999996,-1.0,16.152942396877883,0.9491860870865353
-0.3999999999999999,-0.19999999999999996,-0.8,16.1529505693822,0.9491860870865353
-0.3999999999999999,-0.19999999999999996,-0.6,16.152958683102263,0.9491860870865353
-0.3999999999999999,-0.19999999999999996,-0.3999999999999999,16.15296673764192,0.9491860870865353
-0.3999999999999999,-0.19999999999999996,-0.19999999999999996,16.152974732607113,0.9491860870865353
-0.3999999999999999,-0.19999999999999996,0.0,16.15298266760575,0.9491860870865353
-0.3999999999999999,-0.19999999999999996,0.20000000000000018,16.15299054224789,0.9491860870865353
-0.3999999999999999,-0.19999999999999996,0.40000000000000013,16.152998356145634,0.9491860870865353
-0.3999999999999999,-0.19999999999999996,0.6000000000000001,16.153006108913285,0.9491860870865353
-0.3999999999999999,-0.19999999999999996,0.8,16.15301380016722,0.9491860870865353
-0.3999999999999999,-0.19999999999999996,1.0,16.153021429526017,0.9491860870865353
-0.19999999999999996,0.8,-1.0,16.153178921467415,0.9491860870865353
-0.19999999999999996,0.8,-0.8,16.15318612053946,0.9491860870865353
-0.6,-1.0,-1.0,16.15318700480227,0.9491860870865353
-0.19999999999999996,0.8,-0.6,16.153193259489214,0.9491860870865353
-0.6,-1.0,-0.8,16.1531960568355,0.9491860870865353
-0.19999999999999996,0.8,-0.3999999999999999,16.153200337937985,0.9491860870865353
-0.6,-1.0,-0.6,16.153205051187026,0.9491860870865353
-0.19999999999999996,0.8,-0.19999999999999996,16.1532073555092,0.9491860870865353
-0.6,-1.0,-0.3999999999999999,16.15321398744531,0.9491860870865353
-0.19999999999999996,0.8,0.0,16.153214311828332,0.9491860870865353
-0.19999999999999996,0.8,0.20000000000000018,16.153221206523025,0.9491860870865353
-0.6,-1.0,-0.19999999999999996,16.153222865201034,0.9491860870865353
-0.19999999999999996,0.8,0.40000000000000013,16.153228039223094,0.9491860870865353
-0.6,-1.0,0.0,16.153231684046702,0.9491860870865353
-0.19999999999999996,0.8,0.6000000000000001,16.153234809560416,0.9491860870865353
-0.6,-1.0,0.20000000000000018,16.153240443576994,0.9491860870865353
-0.19999999999999996,0.8,0.8,16.153241517169132,0.9491860870865353
-0.19999999999999996,0.8,1.0,16.153248161685646,0.9491860870865353
-0.6,-1.0,0.40000000000000013,16.153249143388503,0.9491860870865353
-0.6,-1.0,0.6000000000000001,16.15325778308003,0.9491860870865353
-0.6,-1.0,0.8,16.153266362252413,0.9491860870865353
-0.6,-1.0,1.0,16.15327488050868,0.9491860870865353
-0.3999999999999999,0.0,-1.0,16.153379926174917,0.9491860870865353
-0.3999999999999999,0.0,-0.8,16.153388012638143,0.9491860870865353
-0.3999999999999999,0.0,-0.6,16.15339604004308,0.9491860870865353
-0.3999999999999999,0.0,-0.3999999999999999,16.15340400799572,0.9491860870865353
-0.3999999999999999,0.0,-0.19999999999999996,16.153411916104123,0.9491860870865353
-0.3999999999999999,0.0,0.0,16.153419763978345,0.9491860870865353
-0.3999999999999999,0.0,0.20000000000000018,16.153427551230614,0.9491860870865353
-0.3999999999999999,0.0,0.40000000000000013,16.15343527747519,0.9491860870865353
-0.3999999999999999,0.0,0.6000000000000001,16.153442942328457,0.9491860870865353
-0.3999999999999999,0.0,0.8,16.153450545409022,0.9491860870865353
-0.3999999999999999,0.0,1.0,16.15345808633765,0.9491860870865353
-0.6,-0.8,-1.0,16.15361827869695,0.9491860870865353
-0.19999999999999996,1.0,-1.0,16.153624219673635,0.9491860870865353
-0.6,-0.8,-0.8,16.153627246593203,0.9491860870865353
-0.19999999999999996,1.0,-0.8,16.15363133057638,0.9491860870865353
-0.6,-0.8,-0.6,16.153636156531622,0.9491860870865353
-0.19999999999999996,1.0,-0.6,16.153638381085358,0.9491860870865353
-0.6,-0.8,-0.3999999999999999,16.153645008102888,0.9491860870865353
-0.19999999999999996,1.0,-0.3999999999999999,16.15364537082403,0.9491860870865353
-0.19999999999999996,1.0,-0.19999999999999996,16.15365229941796,0.9491860870865353
-0.6,-0.8,-0.19999999999999996,16.153653800899775,0.9491860870865353
-0.19999999999999996,1.0,0.0,16.15365916649474,0.9491860870865353
-0.6,-0.8,0.0,16.1536625345169,0.9491860870865353
-0.19999999999999996,1.0,0.20000000000000018,16.153665971684205,0.9491860870865353
-0.6,-0.8,0.20000000000000018,16.153671208551085,0.9491860870865353
-0.19999999999999996,1.0,0.40000000000000013,16.15367271461828,0.9491860870865353
-0.19999999999999996,1.0,0.6000000000000001,16.15367939493105,0.9491860870865353
-0.6,-0.8,0.40000000000000013,16.15367982260108,0.9491860870865353
-0.19999999999999996,1.0,0.8,16.153686012258813,0.9491860870865353
-0.6,-0.8,0.6000000000000001,16.153688376267844,0.9491860870865353
-0.19999999999999996,1.0,1.0,16.153692566240117,0.9491860870865353
-0.6,-0.8,0.8,16.15369686915441,0.9491860870865353
-0.6,-0.8,1.0,16.153705300865884,0.9491860870865353
-0.3999999999999999,0.20000000000000018,-1.0,16.153819002706733,0.9491860870865353
-0.3999999999999999,0.20000000000000018,-0.8,16.1538270028668,0.9491860870865353
-0.3999999999999999,0.20000000000000018,-0.6,16.153834943695063,0.9491860870865353
-0.3999999999999999,0.20000000000000018,-0.3999999999999999,16.15384282479955,0.9491860870865353
-0.3999999999999999,0.20000000000000018,-0.19999999999999996,16.153850645790524,0.9491860870865353
-0.3999999999999999,0.20000000000000018,0.0,16.153858406280186,0.9491860870865353
-0.3999999999999999,0.20000000000000018,0.20000000000000018,16.15386610588288,0.9491860870865353
-0.3999999999999999,0.20000000000000018,0.40000000000000013,16.153873744215005,0.9491860870865353
-0.3999999999999999,0.20000000000000018,0.6000000000000001,16.15388132089517,0.9491860870865353
-0.3999999999999999,0.20000000000000018,0.8,16.15388883554411,0.9491860870865353
-0.3999999999999999,0.20000000000000018,1.0,16.1538962877847,0.9491860870865353
-0.6,-0.6,-1.0,16.154051106197663,0.9491860870865353
-0.6,-0.6,-0.8,16.154059989690047,0.9491860870865353
-0.6,-0.6,-0.6,16.15406881494897,0.9491860870865353
-0.6,-0.6,-0.3999999999999999,16.154077581567265,0.9491860870865353
-0.6,-0.6,-0.19999999999999996,16.154086289139787,0.9491860870865353
-0.6,-0.6,0.0,16.154094937263302,0.9491860870865353
-0.6,-0.6,0.20000000000000018,16.154103525536794,0.9491860870865353
-0.6,-0.6,0.40000000000000013,16.15411205356118,0.9491860870865353
-0.6,-0.6,0.6000000000000001,16.154120520939554,0.9491860870865353
-0.6,-0.6,0.8,16.15412892727706,0.9491860870865353
-0.6,-0.6,1.0,16.154137272181057,0.9491860870865353
-0.3999999999999999,0.40000000000000013,-1.0,16.154259624584228,0.9491860870865353
-0.3999999999999999,0.40000000000000013,-0.8,16.154267538179145,0.9491860870865353
-0.3999999999999999,0.40000000000000013,-0.6,16.15427539216916,0.9491860870865353
-0.3999999999999999,0.40000000000000013,-0.3999999999999999,16.154283186164477,0.9491860870865353
-0.3999999999999999,0.40000000000000013,-0.19999999999999996,16.154290919777427,0.9491860870865353
-0.3999999999999999,0.40000000000000013,0.0,16.154298592622368,0.9491860870865353
-0.3999999999999999,0.40000000000000013,0.20000000000000018,16.154306204315787,0.9491860870865353
-0.3999999999999999,0.40000000000000013,0.40000000000000013,16.154313754476277,0.9491860870865353
-0.3999999999999999,0.40000000000000013,0.6000000000000001,16.154321242724617,0.9491860870865353
-0.3999999999999999,0.40000000000000013,0.8,16.154328668683654,0.9491860870865353
-0.3999999999999999,0.40000000000000013,1.0,16.154336031978456,0.9491860870865353
-0.6,-0.3999999999999999,-1.0,16.15448548553961,0.9491860870865353
-0.6,-0.3999999999999999,-0.8,16.154494284361228,0.9491860870865353
-0.6,-0.3999999999999999,-0.6,16.154503024674185,0.9491860870865353
-0.6,-0.3999999999999999,-0.3999999999999999,16.1545117060735,0.9491860870865353
-0.6,-0.3999999999999999,-0.19999999999999996,16.154520328156096,0.9491860870865353
-0.6,-0.3999999999999999,0.0,16.15452889052098,0.9491860870865353
-0.6,-0.3999999999999999,0.20000000000000018,16.154537392769168,0.9491860870865353
-0.6,-0.3999999999999999,0.40000000000000013,16.154545834503786,0.9491860870865353
-0.6,-0.3999999999999999,0.6000000000000001,16.154554215330066,0.9491860870865353
-0.6,-0.3999999999999999,0.8,16.15456253485536,0.9491860870865353
-0.6,-0.3999999999999999,1.0,16.154570792689125,0.9491860870865353
-0.3999999999999999,0.6000000000000001,-1.0,16.154701789885753,0.9491860870865353
-0.3999999999999999,0.6000000000000001,-0.8,16.154709616653598,0.9491860870865353
-0.3999999999999999,0.6000000000000001,-0.6,16.154717383543836,0.9491860870865353
-0.3999999999999999,0.6000000000000001,-0.3999999999999999,16.154725090168938,0.9491860870865353
-0.3999999999999999,0.6000000000000001,-0.19999999999999996,16.15473273614327,0.9491860870865353
-0.3999999999999999,0.6000000000000001,0.0,16.154740321083413,0.9491860870865353
-0.3999999999999999,0.6000000000000001,0.20000000000000018,16.154747844607954,0.9491860870865353
-0.3999999999999999,0.6000000000000001,0.40000000000000013,16.154755306337684,0.9491860870865353
-0.3999999999999999,0.6000000000000001,0.6000000000000001,16.154762705895468,0.9491860870865353
-0.3999999999999999,0.6000000000000001,0.8,16.15477004290641,0.9491860870865353
-0.3999999999999999,0.6000000000000001,1.0,16.154777316997738,0.9491860870865353
-0.6,-0.19999999999999996,-1.0,16.154921414925337,0.9491860870865353
-0.6,-0.19999999999999996,-0.8,16.15493012880924,0.9491860870865353
-0.6,-0.19999999999999996,-0.6,16.154938783909802,0.9491860870865353
-0.6,-0.19999999999999996,-0.3999999999999999,16.154947379824094,0.9491860870865353
-0.6,-0.19999999999999996,-0.19999999999999996,16.15495591615126,0.9491860870865353
-0.6,-0.19999999999999996,0.0,16.154964392492385,0.9491860870865353
-0.6,-0.19999999999999996,0.20000000000000018,16.154972808450665,0.9491860870865353
-0.6,-0.19999999999999996,0.40000000000000013,16.15498116363138,0.9491860870865353
-0.6,-0.19999999999999996,0.6000000000000001,16.154989457641893,0.9491860870865353
-0.6,-0.19999999999999996,0.8,16.154997690091733,0.9491860870865353
-0.6,-0.19999999999999996,1.0,16.155005860592517,0.9491860870865353
-0.3999999999999999,0.8,-1.0,16.15514549665695,0.9491860870865353
-0.3999999999999999,0.8,-0.8,16.155153236335778,0.9491860870865353
-0.3999999999999999,0.8,-0.6,16.15516091586489,0.9491860870865353
-0.3999999999999999,0.8,-0.3999999999999999,16.15516853485878,0.9491860870865353
-0.3999999999999999,0.8,-0.19999999999999996,16.155176092934035,0.9491860870865353
-0.8,-1.0,-1.0,16.155178382956922,0.9491860870865353
-0.3999999999999999,0.8,0.0,16.15518358970935,0.9491860870865353
-0.8,-1.0,-0.8,16.155187977785985,0.9491860870865353
-0.3999999999999999,0.8,0.20000000000000018,16.155191024805493,0.9491860870865353
-0.8,-1.0,-0.6,16.155197514962488,0.9491860870865353
-0.3999999999999999,0.8,0.40000000000000013,16.15519839784536,0.9491860870865353
-0.3999999999999999,0.8,0.6000000000000001,16.15520570845402,0.9491860870865353
-0.8,-1.0,-0.3999999999999999,16.155206994068177,0.9491860870865353
-0.3999999999999999,0.8,0.8,16.155212956258715,0.9491860870865353
-0.8,-1.0,-0.19999999999999996,16.15521641468687,0.9491860870865353
-0.3999999999999999,0.8,1.0,16.155220140888886,0.9491860870865353
-0.8,-1.0,0.0,16.155225776404237,0.9491860870865353
-0.8,-1.0,0.20000000000000018,16.155235078808108,0.9491860870865353
-0.8,-1.0,0.40000000000000013,16.15524432148826,0.9491860870865353
-0.8,-1.0,0.6000000000000001,16.155253504036665,0.9491860870865353
-0.8,-1.0,0.8,16.15526262604718,0.9491860870865353
-0.8,-1.0,1.0,16.15527168711595,0.9491860870865353
-0.6,0.0,-1.0,16.155358892524763,0.9491860870865353
-0.6,0.0,-0.8,16.155367521204038,0.9491860870865353
-0.6,0.0,-0.6,16.15537609082572,0.9491860870865353
-0.6,0.0,-0.3999999999999999,16.155384600989034,0.9491860870865353
-0.6,0.0,-0.19999999999999996,16.155393051295217,0.9491860870865353
-0.6,0.0,0.0,16.15540144134753,0.9491860870865353
-0.6,0.0,0.20000000000000018,16.15540977075129,0.9491860870865353
-0.6,0.0,0.40000000000000013,16.15541803911395,0.9491860870865353
-0.6,0.0,0.6000000000000001,16.155426246045018,0.9491860870865353
-0.6,0.0,0.8,16.15543439115617,0.9491860870865353
-0.6,0.0,1.0,16.155442474061264,0.9491860870865353
-0.3999999999999999,1.0,-1.0,16.155590742910846,0.9491860870865353
-0.3999999999999999,1.0,-0.8,16.155598395238894,0.9491860870865353
-0.3999999999999999,1.0,-0.6,16.155605987145506,0.9491860870865353
-0.8,-0.8,-1.0,16.155609604973638,0.9491860870865353
-0.3999999999999999,1.0,-0.3999999999999999,16.155613518247364,0.9491860870865353
-0.8,-0.8,-0.8,16.155619116515613,0.9491860870865353
-0.3999999999999999,1.0,-0.19999999999999996,16.15562098816315,0.9491860870865353
-0.3999999999999999,1.0,0.0,16.15562839651368,0.9491860870865353
-0.8,-0.8,-0.6,16.155628570128663,0.9491860870865353
-0.3999999999999999,1.0,0.20000000000000018,16.155635742921934,0.9491860870865353
-0.8,-0.8,-0.3999999999999999,16.1556379653968,0.9491860870865353
-0.3999999999999999,1.0,0.40000000000000013,16.155643027012967,0.9491860870865353
-0.8,-0.8,-0.19999999999999996,16.155647301905823,0.9491860870865353
-0.3999999999999999,1.0,0.6000000000000001,16.155650248413988,0.9491860870865353
-0.8,-0.8,0.0,16.155656579243658,0.9491860870865353
-0.3999999999999999,1.0,0.8,16.155657406754433,0.9491860870865353
-0.3999999999999999,1.0,1.0,16.155664501665896,0.9491860870865353
-0.8,-0.8,0.20000000000000018,16.155665797000207,0.9491860870865353
-0.8,-0.8,0.40000000000000013,16.15567495476745,0.9491860870865353
-0.8,-0.8,0.6000000000000001,16.155684052139392,0.9491860870865353
-0.8,-0.8,0.8,16.15569308871217,0.9491860870865353
-0.8,-0.8,1.0,16.1557020640841,0.9491860870865353
-0.6,0.20000000000000018,-1.0,16.155797916475187,0.9491860870865353
-0.6,0.20000000000000018,-0.8,16.15580645968291,0.9491860870865353
-0.6,0.20000000000000018,-0.6,16.155814943559296,0.9491860870865353
-0.6,0.20000000000000018,-0.3999999999999999,16.155823367705633,0.9491860870865353
-0.6,0.20000000000000018,-0.19999999999999996,16.155831731725314,0.9491860870865353
-0.6,0.20000000000000018,0.0,16.15584003522375,0.9491860870865353
-0.6,0.20000000000000018,0.20000000000000018,16.15584827780842,0.9491860870865353
-0.6,0.20000000000000018,0.40000000000000013,16.155856459088906,0.9491860870865353
-0.6,0.20000000000000018,0.6000000000000001,16.15586457867689,0.9491860870865353
-0.6,0.20000000000000018,0.8,16.155872636186224,0.9491860870865353
-0.6,0.20000000000000018,1.0,16.155880631232918,0.9491860870865353
-0.8,-0.6,-1.0,16.156042379672307,0.9491860870865353
-0.8,-0.6,-0.8,16.156051807655377,0.9491860870865353
-0.8,-0.6,-0.6,16.15606117743371,0.9491860870865353
-0.8,-0.6,-0.3999999999999999,16.156070488593333,0.9491860870865353
-0.8,-0.6,-0.19999999999999996,16.156079740722287,0.9491860870865353
-0.8,-0.6,0.0,16.156088933410622,0.9491860870865353
-0.8,-0.6,0.20000000000000018,16.15609806625033,0.9491860870865353
-0.8,-0.6,0.40000000000000013,16.15610713883557,0.9491860870865353
-0.8,-0.6,0.6000000000000001,16.15611615076253,0.9491860870865353
-0.8,-0.6,0.8,16.15612510162952,0.9491860870865353
-0.8,-0.6,1.0,16.156133991036885,0.9491860870865353
-0.6,0.40000000000000013,-1.0,16.156238484881214,0.9491860870865353
-0.6,0.40000000000000013,-0.8,16.156246942350577,0.9491860870865353
-0.6,0.40000000000000013,-0.6,16.156255340215232,0.9491860870865353
-0.6,0.40000000000000013,-0.3999999999999999,16.156263678078673,0.9491860870865353
-0.6,0.40000000000000013,-0.19999999999999996,16.156271955546398,0.9491860870865353
-0.6,0.40000000000000013,0.0,16.15628017222597,0.9491860870865353
-0.6,0.40000000000000013,0.20000000000000018,16.156288327727022,0.9491860870865353
-0.6,0.40000000000000013,0.40000000000000013,16.156296421661217,0.9491860870865353
-0.6,0.40000000000000013,0.6000000000000001,16.15630445364253,0.9491860870865353
-0.6,0.40000000000000013,0.8,16.156312423286916,0.9491860870865353
-0.6,0.40000000000000013,1.0,16.156320330212544,0.9491860870865353
-0.8,-0.3999999999999999,-1.0,16.15647670528182,0.9491860870865353
-0.8,-0.3999999999999999,-0.8,16.156486049434196,0.9491860870865353
-0.8,-0.3999999999999999,-0.6,16.156495335106435,0.9491860870865353
-0.8,-0.3999999999999999,-0.3999999999999999,16.156504561886692,0.9491860870865353
-0.8,-0.3999999999999999,-0.19999999999999996,16.15651372936517,0.9491860870865353
-0.8,-0.3999999999999999,0.0,16.156522837133977,0.9491860870865353
-0.8,-0.3999999999999999,0.20000000000000018,16.156531884787356,0.9491860870865353
-0.8,-0.3999999999999999,0.40000000000000013,16.156540871921525,0.9491860870865353
-0.8,-0.3999999999999999,0.6000000000000001,16.156549798134918,0.9491860870865353
-0.8,-0.3999999999999999,0.8,16.156558663027894,0.9491860870865353
-0.8,-0.3999999999999999,1.0,16.1565674662031,0.9491860870865353
-0.6,0.6000000000000001,-1.0,16.156680595814795,0.9491860870865353
-0.6,0.6000000000000001,-0.8,16.156688967279017,0.9491860870865353
-0.6,0.6000000000000001,-0.6,16.156697278865643,0.9491860870865353
-0.6,0.6000000000000001,-0.3999999999999999,16.156705530180325,0.9491860870865353
-0.6,0.6000000000000001,-0.19999999999999996,16.15671372083069,0.9491860870865353
-0.6,0.6000000000000001,0.0,16.15672185042644,0.9491860870865353
-0.6,0.6000000000000001,0.20000000000000018,16.156729918579373,0.9491860870865353
-0.6,0.6000000000000001,0.40000000000000013,16.15673792490335,0.9491860870865353
-0.6,0.6000000000000001,0.6000000000000001,16.156745869014404,0.9491860870865353
-0.6,0.6000000000000001,0.8,16.156753750530797,0.9491860870865353
-0.6,0.6000000000000001,1.0,16.156761569072767,0.9491860870865353
-0.8,-0.19999999999999996,-1.0,16.15691257999854,0.9491860870865353
-0.8,-0.19999999999999996,-0.8,16.156921840048412,0.9491860870865353
-0.8,-0.19999999999999996,-0.6,16.1569310413432,0.9491860870865353
-0.8,-0.19999999999999996,-0.3999999999999999,16.15694018347322,0.9491860870865353
-0.8,-0.19999999999999996,-0.19999999999999996,16.156949266030736,0.9491860870865353
-0.8,-0.19999999999999996,0.0,16.15695828861006,0.9491860870865353
-0.8,-0.19999999999999996,0.20000000000000018,16.156967250807572,0.9491860870865353
-0.8,-0.19999999999999996,0.40000000000000013,16.156976152221652,0.9491860870865353
-0.8,-0.19999999999999996,0.6000000000000001,16.15698499245282,0.9491860870865353
-0.8,-0.19999999999999996,0.8,16.156993771103725,0.9491860870865353
-0.8,-0.19999999999999996,1.0,16.157002487779078,0.9491860870865353
-0.6,0.8,-1.0,16.157124247315306,0.9491860870865353
-0.6,0.8,-0.8,16.157132532507624,0.9491860870865353
-0.6,0.8,-0.6,16.157140757549982,0.9491860870865353
-0.6,0.8,-0.3999999999999999,16.1571489220501,0.9491860870865353
-0.6,0.8,-0.19999999999999996,16.157157025617792,0.9491860870865353
-0.6,0.8,0.0,16.15716506786488,0.9491860870865353
-0.6,0.8,0.20000000000000018,16.157173048405305,0.9491860870865353
-0.6,0.8,0.40000000000000013,16.157180966855126,0.9491860870865353
-1.0,-1.0,-1.0,16.15718187273043,0.9491860870865353
-0.6,0.8,0.6000000000000001,16.157188822832556,0.9491860870865353
-1.0,-1.0,-0.8,16.15719201501425,0.9491860870865353
-0.6,0.8,0.8,16.157196615957908,0.9491860870865353
-1.0,-1.0,-0.6,16.157202099702037,0.9491860870865353
-0.6,0.8,1.0,16.15720434585374,0.9491860870865353
-1.0,-1.0,-0.3999999999999999,16.15721212636875,0.9491860870865353
-1.0,-1.0,-0.19999999999999996,16.15722209459141,0.9491860870865353
-1.0,-1.0,0.0,16.15723200394896,0.9491860870865353
-1.0,-1.0,0.20000000000000018,16.157241854022313,0.9491860870865353
-1.0,-1.0,0.40000000000000013,16.157251644394478,0.9491860870865353
-1.0,-1.0,0.6000000000000001,16.157261374650425,0.9491860870865353
-1.0,-1.0,0.8,16.157271044377257,0.9491860870865353
-1.0,-1.0,1.0,16.15728065316419,0.9491860870865353
-0.8,0.0,-1.0,16.15735000198612,0.9491860870865353
-0.8,0.0,-0.8,16.157359177661675,0.9491860870865353
-0.8,0.0,-0.6,16.157368294307688,0.9491860870865353
-0.8,0.0,-0.3999999999999999,16.157377351516548,0.9491860870865353
-0.8,0.0,-0.19999999999999996,16.157386348882728,0.9491860870865353
-0.8,0.0,0.0,16.157395286002615,0.9491860870865353
-0.8,0.0,0.20000000000000018,16.157404162474755,0.9491860870865353
-0.8,0.0,0.40000000000000013,16.157412977899693,0.9491860870865353
-0.8,0.0,0.6000000000000001,16.157421731880092,0.9491860870865353
-0.8,0.0,0.8,16.157430424020788,0.9491860870865353
-0.8,0.0,1.0,16.157439053928687,0.9491860870865353
-0.6,1.0,-1.0,16.15756943738936,0.9491860870865353
-0.6,1.0,-0.8,16.157577636043204,0.9491860870865353
-0.6,1.0,-0.6,16.157585774275148,0.9491860870865353
-0.6,1.0,-0.3999999999999999,16.15759385169505,0.9491860870865353
-0.6,1.0,-0.19999999999999996,16.15760186791481,0.9491860870865353
-0.6,1.0,0.0,16.15760982254848,0.9491860870865353
-1.0,-0.8,-1.0,16.15761303920269,0.9491860870865353
-0.6,1.0,0.20000000000000018,16.157617715212147,0.9491860870865353
-1.0,-0.8,-0.8,16.15762309904321,0.9491860870865353
-0.6,1.0,0.40000000000000013,16.15762554552396,0.9491860870865353
-1.0,-0.8,-0.6,16.157633101011097,0.9491860870865353
-0.6,1.0,0.6000000000000001,16.157633313104373,0.9491860870865353
-0.6,1.0,0.8,16.157641017575877,0.9491860870865353
-1.0,-0.8,-0.3999999999999999,16.15764304468356,0.9491860870865353
-0.6,1.0,1.0,16.15764865856317,0.9491860870865353
-1.0,-0.8,-0.19999999999999996,16.15765292963968,0.9491860870865353
-1.0,-0.8,0.0,16.157662755460514,0.9491860870865353
-1.0,-0.8,0.20000000000000018,16.157672521729154,0.9491860870865353
-1.0,-0.8,0.40000000000000013,16.157682228030765,0.9491860870865353
-1.0,-0.8,0.6000000000000001,16.157691873952462,0.9491860870865353
-1.0,-0.8,0.8,16.15770145908351,0.9491860870865353
-1.0,-0.8,1.0,16.157710983015317,0.9491860870865353
-0.8,0.20000000000000018,-1.0,16.157788969375492,0.9491860870865353
-0.8,0.20000000000000018,-0.8,16.15779806040502,0.9491860870865353
-0.8,0.20000000000000018,-0.6,16.15780709213095,0.9491860870865353
-0.8,0.20000000000000018,-0.3999999999999999,16.157816064147873,0.9491860870865353
-0.8,0.20000000000000018,-0.19999999999999996,16.157824976052275,0.9491860870865353
-0.8,0.20000000000000018,0.0,16.157833827442825,0.9491860870865353
-0.8,0.20000000000000018,0.20000000000000018,16.15784261792011,0.9491860870865353
-0.8,0.20000000000000018,0.40000000000000013,16.157851347086932,0.9491860870865353
-0.8,0.20000000000000018,0.6000000000000001,16.157860014548067,0.9491860870865353
-0.8,0.20000000000000018,0.8,16.157868619910502,0.9491860870865353
-0.8,0.20000000000000018,1.0,16.157877162783308,0.9491860870865353
-1.0,-0.6,-1.0,16.158045757367475,0.9491860870865353
-1.0,-0.6,-0.8,16.158055734487984,0.9491860870865353
-1.0,-0.6,-0.6,16.158065653459808,0.9491860870865353
-1.0,-0.6,-0.3999999999999999,16.158075513862187,0.9491860870865353
-1.0,-0.6,-0.19999999999999996,16.158085315276423,0.9491860870865353
-1.0,-0.6,0.0,16.15809505728568,0.9491860870865353
-1.0,-0.6,0.20000000000000018,16.15810473947522,0.9491860870865353
-1.0,-0.6,0.40000000000000013,16.158114361432254,0.9491860870865353
-1.0,-0.6,0.6000000000000001,16.15812392274621,0.9491860870865353
-1.0,-0.6,0.8,16.158133423008422,0.9491860870865353
-1.0,-0.6,1.0,16.15814286181245,0.9491860870865353
-0.8,0.40000000000000013,-1.0,16.158229480265028,0.9491860870865353
-0.8,0.40000000000000013,-0.8,16.158238486376835,0.9491860870865353
-0.8,0.40000000000000013,-0.6,16.15824743291146,0.9491860870865353
-0.8,0.40000000000000013,-0.3999999999999999,16.158256319465593,0.9491860870865353
-0.8,0.40000000000000013,-0.19999999999999996,16.158265145637955,0.9491860870865353
-0.8,0.40000000000000013,0.0,16.158273911029255,0.9491860870865353
-0.8,0.40000000000000013,0.20000000000000018,16.158282615242335,0.9491860870865353
-0.8,0.40000000000000013,0.40000000000000013,16.15829125788206,0.9491860870865353
-0.8,0.40000000000000013,0.6000000000000001,16.158299838555433,0.9491860870865353
-0.8,0.40000000000000013,0.8,16.158308356871604,0.9491860870865353
-0.8,0.40000000000000013,1.0,16.158316812441814,0.9491860870865353
-1.0,-0.3999999999999999,-1.0,16.15848002544754,0.9491860870865353
-1.0,-0.3999999999999999,-0.8,16.15848991957134,0.9491860870865353
-1.0,-0.3999999999999999,-0.6,16.158499755270835,0.9491860870865353
-1.0,-0.3999999999999999,-0.3999999999999999,16.15850953212737,0.9491860870865353
-1.0,-0.3999999999999999,-0.19999999999999996,16.158519249724343,0.9491860870865353
-1.0,-0.3999999999999999,0.0,16.158528907647113,0.9491860870865353
-1.0,-0.3999999999999999,0.20000000000000018,16.15853850548307,0.9491860870865353
-1.0,-0.3999999999999999,0.40000000000000013,16.158548042821632,0.9491860870865353
-1.0,-0.3999999999999999,0.6000000000000001,16.15855751925427,0.9491860870865353
-1.0,-0.3999999999999999,0.8,16.15856693437459,0.9491860870865353
-1.0,-0.3999999999999999,1.0,16.158576287778327,0.9491860870865353
-0.8,0.6000000000000001,-1.0,16.15867153272038,0.9491860870865353
-0.8,0.6000000000000001,-0.8,16.158680453642816,0.9491860870865353
-0.8,0.6000000000000001,-0.6,16.15868931471497,0.9491860870865353
-0.8,0.6000000000000001,-0.3999999999999999,16.158698115535632,0.9491860870865353
-0.8,0.6000000000000001,-0.19999999999999996,16.158706855705695,0.9491860870865353
-0.8,0.6000000000000001,0.0,16.15871553482799,0.9491860870865353
-0.8,0.6000000000000001,0.20000000000000018,16.158724152507503,0.9491860870865353
-0.8,0.6000000000000001,0.40000000000000013,16.158732708351295,0.9491860870865353
-0.8,0.6000000000000001,0.6000000000000001,16.15874120196852,0.9491860870865353
-0.8,0.6000000000000001,0.8,16.15874963297047,0.9491860870865353
-0.8,0.6000000000000001,1.0,16.158758000970657,0.9491860870865353
-1.0,-0.19999999999999996,-1.0,16.158915841632925,0.9491860870865353
-1.0,-0.19999999999999996,-0.8,16.158925652483322,0.9491860870865353
-1.0,-0.19999999999999996,-0.6,16.158935404634235,0.9491860870865353
-1.0,-0.19999999999999996,-0.3999999999999999,16.158945097669132,0.9491860870865353
-1.0,-0.19999999999999996,-0.19999999999999996,16.15895473117356,0.9491860870865353
-1.0,-0.19999999999999996,0.0,16.15896430473499,0.9491860870865353
-1.0,-0.19999999999999996,0.20000000000000018,16.15897381794295,0.9491860870865353
-1.0,-0.19999999999999996,0.40000000000000013,16.158983270389026,0.9491860870865353
-1.0,-0.19999999999999996,0.6000000000000001,16.158992661666897,0.9491860870865353
-1.0,-0.19999999999999996,0.8,16.159001991372275,0.9491860870865353
-1.0,-0.19999999999999996,1.0,16.15901125910305,0.9491860870865353
-0.8,0.8,-1.0,16.15911512477449,0.9491860870865353
-0.8,0.8,-0.8,16.159123960236055,0.9491860870865353
-0.8,0.8,-0.6,16.159132735574666,0.9491860870865353
-0.8,0.8,-0.3999999999999999,16.159141450391243,0.9491860870865353
-0.8,0.8,-0.19999999999999996,16.159150104288827,0.9491860870865353
-0.8,0.8,0.0,16.159158696872407,0.9491860870865353
-0.8,0.8,0.20000000000000018,16.159167227749176,0.9491860870865353
-0.8,0.8,0.40000000000000013,16.15917569652827,0.9491860870865353
-0.8,0.8,0.6000000000000001,16.159184102821055,0.9491860870865353
-0.8,0.8,0.8,16.159192446241,0.9491860870865353
-0.8,0.8,1.0,16.15920072640374,0.9491860870865353
-1.0,0.0,-1.0,16.15935320408098,0.9491860870865353
-1.0,0.0,-0.8,16.159362931381356,0.9491860870865353
-1.0,0.0,-0.6,16.159372599707492,0.9491860870865353
-1.0,0.0,-0.3999999999999999,16.159382208645003,0.9491860870865353
-1.0,0.0,-0.19999999999999996,16.159391757781563,0.9491860870865353
-1.0,0.0,0.0,16.15940124670678,0.9491860870865353
-1.0,0.0,0.20000000000000018,16.15941067501239,0.9491860870865353
-1.0,0.0,0.40000000000000013,16.15942004229208,0.9491860870865353
-1.0,0.0,0.6000000000000001,16.159429348141686,0.9491860870865353
-1.0,0.0,0.8,16.15943859215911,0.9491860870865353
-1.0,0.0,1.0,16.159447773944418,0.9491860870865353
-0.8,1.0,-1.0,16.15956025442768,0.9491860870865353
-0.8,1.0,-0.8,16.159569004156957,0.9491860870865353
-0.8,1.0,-0.6,16.15957769349103,0.9491860870865353
-0.8,1.0,-0.3999999999999999,16.15958632203305,0.9491860870865353
-0.8,1.0,-0.19999999999999996,16.159594889388124,0.9491860870865353
-0.8,1.0,0.0,16.15960339516347,0.9491860870865353
-0.8,1.0,0.20000000000000018,16.15961183896831,0.9491860870865353
-0.8,1.0,0.40000000000000013,16.15962022041408,0.9491860870865353
-0.8,1.0,0.6000000000000001,16.159628539114244,0.9491860870865353
-0.8,1.0,0.8,16.159636794684435,0.9491860870865353
-0.8,1.0,1.0,16.15964498674253,0.9491860870865353
-1.0,0.20000000000000018,-1.0,16.15979211091646,0.9491860870865353
-1.0,0.20000000000000018,-0.8,16.15980175439019,0.9491860870865353
-1.0,0.20000000000000018,-0.6,16.159811338615388,0.9491860870865353
-1.0,0.20000000000000018,-0.3999999999999999,16.159820863179807,0.9491860870865353
-1.0,0.20000000000000018,-0.19999999999999996,16.159830327673227,0.9491860870865353
-1.0,0.20000000000000018,0.0,16.159839731687462,0.9491860870865353
-1.0,0.20000000000000018,0.20000000000000018,16.15984907481638,0.9491860870865353
-1.0,0.20000000000000018,0.40000000000000013,16.159858356655782,0.9491860870865353
-1.0,0.20000000000000018,0.6000000000000001,16.159867576803716,0.9491860870865353
-1.0,0.20000000000000018,0.8,16.159876734860262,0.9491860870865353
-1.0,0.20000000000000018,1.0,16.15988583042763,0.9491860870865353
-1.0,0.40000000000000013,-1.0,16.16023256023134,0.9491860870865353
-1.0,0.40000000000000013,-0.8,16.16024211960188,0.9491860870865353
-1.0,0.40000000000000013,-0.6,16.160251619450044,0.9491860870865353
-1.0,0.40000000000000013,-0.3999999999999999,16.160261059365737,0.9491860870865353
-1.0,0.40000000000000013,-0.19999999999999996,16.160270438940884,0.9491860870865353
-1.0,0.40000000000000013,0.0,16.160279757769413,0.9491860870865353
-1.0,0.40000000000000013,0.20000000000000018,16.160289015447326,0.9491860870865353
-1.0,0.40000000000000013,0.40000000000000013,16.160298211572673,0.9491860870865353
-1.0,0.40000000000000013,0.6000000000000001,16.1603073457456,0.9491860870865353
-1.0,0.40000000000000013,0.8,16.160316417568364,0.9491860870865353
-1.0,0.40000000000000013,1.0,16.160325426645347,0.9491860870865353
-1.0,0.6000000000000001,-1.0,16.160674550084927,0.9491860870865353
-1.0,0.6000000000000001,-0.8,16.16068402507586,0.9491860870865353
-1.0,0.6000000000000001,-0.6,16.16069344027098,0.9491860870865353
-1.0,0.6000000000000001,-0.3999999999999999,16.160702795262406,0.9491860870865353
-1.0,0.6000000000000001,-0.19999999999999996,16.16071208964417,0.9491860870865353
-1.0,0.6000000000000001,0.0,16.160721323012353,0.9491860870865353
-1.0,0.6000000000000001,0.20000000000000018,16.160730494965144,0.9491860870865353
-1.0,0.6000000000000001,0.40000000000000013,16.160739605102673,0.9491860870865353
-1.0,0.6000000000000001,0.6000000000000001,16.160748653027337,0.9491860870865353
-1.0,0.6000000000000001,0.8,16.160757638343537,0.9491860870865353
-1.0,0.6000000000000001,1.0,16.160766560657827,0.9491860870865353
-1.0,0.8,-1.0,16.161118078503886,0.9491860870865353
-1.0,0.8,-0.8,16.16112746883885,0.9491860870865353
-1.0,0.8,-0.6,16.16113679910508,0.9491860870865353
-1.0,0.8,-0.3999999999999999,16.161146068896773,0.9491860870865353
-1.0,0.8,-0.19999999999999996,16.161155277810156,0.9491860870865353
-1.0,0.8,0.0,16.161164425443488,0.9491860870865353
-1.0,0.8,0.20000000000000018,16.161173511397024,0.9491860870865353
-1.0,0.8,0.40000000000000013,16.16118253527321,0.9491860870865353
-1.0,0.8,0.6000000000000001,16.161191496676445,0.9491860870865353
-1.0,0.8,0.8,16.161200395213395,0.9491860870865353
-1.0,0.8,1.0,16.16120923049279,0.9491860870865353
-1.0,1.0,-1.0,16.161563143482162,0.9491860870865353
-1.0,1.0,-0.8,16.161572448884943,0.9491860870865353
-1.0,1.0,-0.6,16.16158169394646,0.9491860870865353
-1.0,1.0,-0.3999999999999999,16.161590878263137,0.9491860870865353
-1.0,1.0,-0.19999999999999996,16.161600001433317,0.9491860870865353
-1.0,1.0,0.0,16.16160906305735,0.9491860870865353
-1.0,1.0,0.20000000000000018,16.16161806273773,0.9491860870865353
-1.0,1.0,0.40000000000000013,16.161627000079033,0.9491860870865353
-1.0,1.0,0.6000000000000001,16.161635874687864,0.9491860870865353
-1.0,1.0,0.8,16.161644686173002,0.9491860870865353
-1.0,1.0,1.0,16.16165343414544,0.9491860870865353
